,MK139259.1|AAV_isolate_CHC777_AAV.FL.linear,MK139272.1|AAV_isolate_CHC1343_AAV.FL.linear,AY695374.1|AAV_isolate_hu.T71,AY695375.1|AAV_isolate_hu.T88,MK139298.1|AAV_isolate_CHC3511_AAV.FL.linear,MK139295.1|AAV_isolate_CHC3013_AAV.FL.linear,KY271943.1_2|AAV_strain_USA/TN/2016-OB2038,KY271943.1|AAV_strain_USA/TN/2016-OB2038,AY695372.1|AAV_isolate_hu.T40,AY695371.1|AAV_isolate_hu.T32,MK139282.1|AAV_isolate_CHC2087_AAV.FL.linear,MK139280.1|AAV_isolate_CHC1919_AAV.FL.linear,MK139288.1|AAV_isolate_CHC2206_AAV.FL.linear,MK139275.1|AAV_isolate_CHC1534_AAV.FL.linear,MK139292.1|AAV_isolate_CHC2557_AAV.FL.linear,MK139261.1|AAV_isolate_CHC877_AAV.FL.linear,MK139299.1|AAV_isolate_CHC3765_AAV.FL.linear,MK139250.1|AAV_isolate_CHC471_AAV.FL.linear,MK139248.1|AAV_isolate_CHC387_AAV.FL.linear,MK139247.1|AAV_isolate_CHC371_AAV.FL.linear,MK139281.1|AAV_isolate_CHC2040_AAV.FL.linear,AF043303.1|AAV_2,MK139269.1|AAV_isolate_CHC1260_AAV.FL.linear,MK139274.1|AAV_isolate_CHC1449_AAV.FL.linear,AY695373.1|AAV_isolate_hu.T70,MK139286.1|AAV_isolate_CHC2128_AAV.FL.linear,MK139251.1|AAV_isolate_CHC473_AAV.FL.linear,MK139265.1|AAV_isolate_CHC1017_AAV.FL.linear,MK139291.1|AAV_isolate_CHC2497_AAV.FL.linear,MK139270.1|AAV_isolate_CHC1273_AAV.FL.linear,MK139283.1|AAV_isolate_CHC2102_AAV.FL.linear,MK139287.1|AAV_isolate_CHC2141_AAV.FL.linear,MK139289.1|AAV_isolate_CHC2208_AAV.FL.linear,MK139263.1|AAV_isolate_CHC985_AAV.FL.linear,MK139245.1|AAV_isolate_CHC217_AAV.FL.linear,MK139277.1|AAV_isolate_CHC1591_AAV.FL.linear,MK139268.1|AAV_isolate_CHC1158_AAV.FL.linear,MK139244.1|AAV_isolate_CHC163_AAV.FL.linear,MK139246.1|AAV_isolate_CHC367_AAV.FL.linear,MK163929.1|AAV_isolate_CHC367_AAV.FL.circular,MK139284.1|AAV_isolate_CHC2107_AAV.FL.linear,MK139262.1|AAV_isolate_CHC976_AAV.FL.linear,MK139271.1|AAV_isolate_CHC1286_AAV.FL.linear,MK139256.1|AAV_isolate_CHC704_AAV.FL.linear,MK139254.1|AAV_isolate_CHC668_AAV.FL.linear,MK139260.1|AAV_isolate_CHC790_AAV.FL.linear,MK139257.1|AAV_isolate_CHC714_AAV.FL.linear,MK139255.1|AAV_isolate_CHC685_AAV.FL.linear,MK139266.1|AAV_isolate_CHC1020_AAV.FL.linear,MK139296.1|AAV_isolate_CHC3086_AAV.FL.linear,MK139279.1|AAV_isolate_CHC1704_AAV.FL.linear,MK139249.1|AAV_isolate_CHC442_AAV.FL.linear,MK139273.1|AAV_isolate_CHC1350_AAV.FL.linear,AY695376.1|AAV_isolate_hu.S17,MK139297.1|AAV_isolate_CHC3142_AAV.FL.linear,MK139290.1|AAV_isolate_CHC2320_AAV.FL.linear,MK139258.1|AAV_isolate_CHC767_AAV.FL.linear,MK139276.1|AAV_isolate_CHC1570_AAV.FL.linear,MK139267.1|AAV_isolate_CHC1024_AAV.FL.linear,MK139252.1|AAV_isolate_CHC508_AAV.FL.linear,MK139243.1|AAV_isolate_CHC129_AAV.FL.linear,MK139253.1|AAV_isolate_CHC667_AAV.FL.linear,MK139278.1|AAV_isolate_CHC1602_AAV.FL.linear,MK139294.1|AAV_isolate_CHC2806_AAV.FL.linear,U48704.1|AAV_3,MK139264.1|AAV_isolate_CHC1010_AAV.FL.linear,MK139285.1|AAV_isolate_CHC2112_AAV.FL.linear,MK139293.1|AAV_isolate_CHC2731_AAV.FL.linear,J01901.1|AAV_2,MN242367.1|AAV_isolate_MgAAV2,U89790.1|AAV_4,AY388617.1|Bovine_AAV,MF682926.1|Rhinolophus_pusillus_AAV_1_strain_Rp-BtAAV1_34C_MJ_YN_2012,NC_014468.1|Bat_AAV_YNM,KF937794.1|Avian_AAV_isolate_ZN1,AY629583.1|Avian_AAV_strain_DA-1,GQ368252.1|Avian_AAV_isolate_YZ-1,AY629582.1|Avian_AAV_ATCC_VR-865,KX583629.1|AAV_isolate_MHH-05-2015,MN242366.1|AAV_isolate_MgAAV1,NC_006152.1|AAV_5,DQ335246.2|AAV-Go.1,NC_006147.2|Muscovy_duck_parvovirus,NC_001701.1|Goose_parvovirus,MN175614.1|Avian_AAV_isolate_BR_DF12,NC_006148.1|Snake_parvovirus_1
MK139259.1|AAV_isolate_CHC777_AAV.FL.linear,,99.86,98.78,98.50,99.05,99.32,99.32,99.32,99.05,98.50,98.37,98.50,98.10,98.37,98.10,98.37,98.23,98.23,98.10,98.50,98.50,98.23,98.10,98.10,97.69,97.82,98.64,98.50,98.10,98.10,97.96,97.82,96.46,94.56,93.20,93.06,91.70,91.70,91.84,91.84,91.84,91.84,91.84,91.97,91.84,91.70,91.56,91.70,92.11,91.70,91.56,92.24,92.65,90.61,91.56,91.03,92.24,90.22,89.66,91.19,93.75,93.35,92.13,91.73,86.82,92.54,88.06,90.48,86.49,57.83,59.79,58.34,59.16,60.05,56.53,56.67,56.93,55.50,59.42,56.30,57.34,56.78,52.25,52.51,50.74,51.73
MK139272.1|AAV_isolate_CHC1343_AAV.FL.linear,99.86,,98.91,98.64,99.18,99.46,99.46,99.46,99.18,98.64,98.50,98.64,98.23,98.50,98.23,98.50,98.37,98.37,98.23,98.64,98.64,98.37,98.23,98.23,97.82,97.96,98.78,98.64,98.23,98.23,98.10,97.96,96.60,94.69,93.33,93.20,91.84,91.84,91.97,91.97,91.97,91.97,91.97,92.11,91.97,91.84,91.70,91.84,92.24,91.84,91.70,92.38,92.79,90.75,91.70,91.16,92.38,90.36,89.80,91.32,93.88,93.48,92.27,91.86,86.96,92.68,88.20,90.61,86.68,57.97,59.92,58.48,59.30,60.19,56.67,56.80,57.07,55.63,59.55,56.43,57.47,56.91,52.38,52.65,50.87,51.86
AY695374.1|AAV_isolate_hu.T71,98.78,98.91,,99.73,99.46,99.18,99.18,99.18,99.18,99.46,98.50,98.37,98.23,98.23,98.23,98.50,98.37,98.37,98.50,98.64,98.64,98.37,97.96,98.23,97.82,97.96,98.50,98.64,97.96,97.96,97.69,97.96,96.87,94.15,92.79,92.65,91.29,91.29,91.43,91.43,91.43,91.43,91.43,91.56,91.43,91.29,91.16,91.29,91.70,91.29,91.56,91.84,92.24,90.75,91.16,90.89,91.84,89.68,89.93,91.19,93.88,93.35,92.27,91.32,87.91,92.27,87.65,90.34,87.05,58.10,59.92,58.48,59.30,59.92,56.80,56.93,57.07,55.76,59.28,56.43,57.47,56.78,52.78,52.78,51.01,51.60
AY695375.1|AAV_isolate_hu.T88,98.50,98.64,99.73,,99.46,99.18,98.91,98.91,99.18,99.46,98.23,98.10,98.23,98.23,98.23,98.50,98.37,98.37,98.50,98.37,98.37,98.10,97.96,97.96,97.82,97.96,98.50,98.37,97.69,97.69,97.41,97.69,96.87,93.88,92.52,92.65,91.02,91.02,91.16,91.16,91.16,91.16,91.16,91.29,91.16,91.02,91.16,91.29,91.43,91.02,91.56,91.56,91.97,90.75,91.16,90.62,91.84,89.41,89.93,91.19,93.88,93.07,92.00,91.05,87.77,92.00,87.65,90.20,86.87,58.10,60.05,58.48,59.30,59.92,56.80,56.93,57.07,55.76,59.28,56.43,57.47,56.78,52.78,52.78,51.14,51.60
MK139298.1|AAV_isolate_CHC3511_AAV.FL.linear,99.05,99.18,99.46,99.46,,99.73,99.46,99.46,99.73,99.46,98.50,98.64,98.50,98.78,98.50,98.78,98.64,98.64,98.78,98.64,98.64,98.37,98.50,98.50,98.37,98.23,99.05,98.64,98.23,98.23,97.96,97.96,97.14,94.29,92.93,93.06,91.43,91.43,91.56,91.56,91.56,91.56,91.56,91.70,91.56,91.43,91.56,91.70,91.84,91.43,91.97,91.97,92.38,90.88,91.56,90.75,92.24,89.82,90.34,91.60,94.16,93.48,92.00,91.45,87.64,92.27,88.06,90.48,87.05,58.23,60.05,58.34,59.16,60.19,56.80,56.93,57.20,55.76,59.55,56.57,57.60,56.91,52.51,52.78,51.01,51.73
MK139295.1|AAV_isolate_CHC3013_AAV.FL.linear,99.32,99.46,99.18,99.18,99.73,,99.73,99.73,99.73,99.18,98.78,98.91,98.78,99.05,98.78,99.05,98.91,98.91,98.78,98.91,98.91,98.64,98.78,98.50,98.37,98.50,99.32,98.91,98.50,98.50,98.23,98.23,97.14,94.56,93.20,93.33,91.70,91.70,91.84,91.84,91.84,91.84,91.84,91.97,91.84,91.70,91.84,91.97,92.11,91.70,91.97,92.24,92.65,90.88,91.84,91.03,92.52,90.09,90.34,91.87,94.43,93.75,92.27,91.73,87.36,92.54,88.33,90.61,87.24,58.10,60.05,58.34,59.30,60.19,56.80,56.93,57.20,55.76,59.55,56.57,57.60,56.91,52.51,52.78,51.01,51.73
KY271943.1_2|AAV_strain_USA/TN/2016-OB2038,99.32,99.46,99.18,98.91,99.46,99.73,,100.00,99.46,98.91,98.78,98.91,98.50,98.78,98.50,98.78,98.64,98.64,98.50,98.91,98.91,98.64,98.50,98.50,98.10,98.23,99.05,98.91,98.50,98.50,98.23,98.23,96.87,94.56,93.20,93.06,91.70,91.70,91.84,91.84,91.84,91.84,91.84,91.97,91.84,91.70,91.56,91.70,92.11,91.70,91.70,92.24,92.65,90.61,91.56,91.03,92.24,90.09,90.07,91.60,94.16,93.75,92.27,91.73,87.23,92.54,88.06,90.48,87.24,57.97,59.92,58.21,59.30,60.05,56.80,56.93,57.20,55.76,59.42,56.43,57.47,56.78,52.51,52.78,50.87,51.73
KY271943.1|AAV_strain_USA/TN/2016-OB2038,99.32,99.46,99.18,98.91,99.46,99.73,100.00,,99.46,98.91,98.78,98.91,98.50,98.78,98.50,98.78,98.64,98.64,98.50,98.91,98.91,98.64,98.50,98.50,98.10,98.23,99.05,98.91,98.50,98.50,98.23,98.23,96.87,94.56,93.20,93.06,91.70,91.70,91.84,91.84,91.84,91.84,91.84,91.97,91.84,91.70,91.56,91.70,92.11,91.70,91.70,92.24,92.65,90.61,91.56,91.03,92.24,90.09,90.07,91.60,94.16,93.75,92.27,91.73,87.23,92.54,88.06,90.48,87.24,57.97,59.92,58.21,59.30,60.05,56.80,56.93,57.20,55.76,59.42,56.43,57.47,56.78,52.51,52.78,50.87,51.73
AY695372.1|AAV_isolate_hu.T40,99.05,99.18,99.18,99.18,99.73,99.73,99.46,99.46,,99.18,98.78,98.91,98.78,99.05,98.78,99.05,98.91,98.91,98.78,98.64,98.64,98.37,98.50,98.23,98.37,98.50,99.05,98.64,98.23,98.23,98.23,98.23,96.87,94.29,92.93,93.06,91.43,91.43,91.56,91.56,91.56,91.56,91.56,91.70,91.56,91.70,91.56,91.70,91.84,91.43,91.97,91.97,92.38,90.61,91.84,90.75,92.24,89.82,90.07,91.87,94.16,93.48,92.00,91.45,87.50,92.27,88.20,90.48,87.05,58.23,60.05,58.34,59.16,60.19,56.80,56.93,57.20,55.76,59.55,56.57,57.60,56.91,52.65,52.78,51.01,51.60
AY695371.1|AAV_isolate_hu.T32,98.50,98.64,99.46,99.46,99.46,99.18,98.91,98.91,99.18,,98.50,98.37,98.50,98.50,98.23,98.50,98.37,98.37,98.50,98.37,98.37,98.10,98.23,98.23,98.10,97.96,98.78,98.64,97.96,97.96,97.69,97.69,97.14,94.01,92.65,92.79,91.16,91.16,91.29,91.29,91.29,91.29,91.29,91.43,91.29,91.16,91.29,91.43,91.56,91.16,91.70,91.70,92.11,90.88,91.29,90.75,91.97,89.54,90.07,91.32,93.88,93.21,92.00,91.18,87.91,92.00,87.79,90.20,86.87,58.10,59.92,58.48,59.16,59.92,56.53,56.67,56.93,55.50,59.28,56.17,57.34,56.64,52.51,52.78,51.14,51.46
MK139282.1|AAV_isolate_CHC2087_AAV.FL.linear,98.37,98.50,98.50,98.23,98.50,98.78,98.78,98.78,98.78,98.50,,99.86,99.73,99.46,99.18,99.46,99.32,99.32,99.18,99.32,99.32,99.05,99.18,99.05,98.91,99.18,99.18,99.32,99.05,98.64,98.91,98.91,97.55,95.10,93.47,93.33,91.97,91.97,92.11,92.11,92.11,92.11,92.11,92.24,92.11,92.24,91.84,91.97,92.38,91.97,92.24,92.38,92.93,91.16,92.11,91.71,92.65,90.36,90.34,92.14,94.43,94.16,92.81,92.00,87.91,93.09,88.47,90.61,87.80,58.37,60.05,58.34,59.43,60.19,56.67,56.80,57.07,55.76,59.68,56.70,57.60,56.91,52.51,52.65,51.01,51.46
MK139280.1|AAV_isolate_CHC1919_AAV.FL.linear,98.50,98.64,98.37,98.10,98.64,98.91,98.91,98.91,98.91,98.37,99.86,,99.59,99.59,99.32,99.59,99.46,99.46,99.32,99.46,99.46,99.18,99.32,99.18,99.05,99.32,99.32,99.18,99.18,98.78,99.05,99.05,97.41,95.24,93.61,93.47,92.11,92.11,92.24,92.24,92.24,92.24,92.24,92.38,92.24,92.38,91.97,92.11,92.52,92.11,92.38,92.52,93.06,91.02,92.24,91.57,92.79,90.50,90.48,92.28,94.56,94.30,92.68,92.13,87.77,93.22,88.61,90.75,87.99,58.37,60.05,58.34,59.43,60.19,56.67,56.80,57.07,55.76,59.68,56.84,57.60,56.91,52.51,52.65,51.01,51.60
MK139288.1|AAV_isolate_CHC2206_AAV.FL.linear,98.10,98.23,98.23,98.23,98.50,98.78,98.50,98.50,98.78,98.50,99.73,99.59,,99.46,99.18,99.46,99.46,99.46,99.32,99.32,99.05,99.05,99.46,98.91,99.05,99.46,99.18,99.32,98.78,98.37,98.64,98.91,97.55,95.10,93.20,93.61,91.70,91.70,91.84,91.84,91.84,91.84,91.84,91.97,91.84,91.97,91.84,91.97,92.11,91.70,92.24,92.11,92.65,91.16,92.11,91.43,92.93,90.09,90.34,92.14,94.43,93.89,92.54,91.73,87.77,93.09,88.47,90.48,87.99,58.37,59.92,58.21,59.43,60.19,56.67,56.80,57.07,55.76,59.68,56.70,57.74,57.05,52.51,52.65,51.14,51.46
MK139275.1|AAV_isolate_CHC1534_AAV.FL.linear,98.37,98.50,98.23,98.23,98.78,99.05,98.78,98.78,99.05,98.50,99.46,99.59,99.46,,99.46,99.73,99.59,99.59,99.46,99.32,99.32,99.05,99.18,98.91,99.05,99.18,99.18,98.78,98.91,98.64,99.18,98.91,97.55,94.97,93.33,93.47,91.84,91.84,91.97,91.97,91.97,91.97,91.97,92.11,91.97,92.11,91.97,92.11,92.24,91.84,92.38,92.24,92.79,91.02,92.24,91.30,92.79,90.22,90.75,92.28,94.97,94.03,92.54,91.86,87.91,92.95,88.88,90.75,88.18,58.10,60.19,58.48,59.57,60.19,56.80,56.93,57.20,55.76,59.81,56.70,57.74,57.05,52.65,52.78,51.01,51.60
MK139292.1|AAV_isolate_CHC2557_AAV.FL.linear,98.10,98.23,98.23,98.23,98.50,98.78,98.50,98.50,98.78,98.23,99.18,99.32,99.18,99.46,,99.73,99.59,99.59,99.46,99.32,99.32,99.05,98.91,98.64,98.78,99.18,98.91,98.50,98.64,98.10,98.64,98.91,97.28,94.83,93.20,93.33,91.70,91.70,91.84,91.84,91.84,91.84,91.84,91.97,91.84,91.97,91.84,91.97,92.11,91.70,92.24,92.11,92.65,90.88,92.11,91.16,92.65,90.09,90.34,92.14,94.70,93.89,92.54,91.73,87.50,92.95,88.47,90.75,87.99,58.23,60.05,58.34,59.30,59.79,56.67,56.80,56.93,55.63,59.42,56.70,57.34,56.64,52.51,52.38,50.87,51.46
MK139261.1|AAV_isolate_CHC877_AAV.FL.linear,98.37,98.50,98.50,98.50,98.78,99.05,98.78,98.78,99.05,98.50,99.46,99.59,99.46,99.73,99.73,,99.86,99.86,99.73,99.59,99.59,99.32,99.18,98.91,99.05,99.46,99.18,98.78,98.91,98.37,98.91,99.18,97.55,95.10,93.47,93.61,91.97,91.97,92.11,92.11,92.11,92.11,92.11,92.24,92.11,92.24,92.11,92.24,92.38,91.97,92.52,92.38,92.93,91.16,92.38,91.43,92.93,90.36,90.61,92.41,94.97,94.16,92.81,92.00,87.77,93.22,88.74,91.02,88.37,58.23,60.05,58.34,59.57,60.05,56.80,56.93,57.07,55.76,59.55,56.84,57.60,56.91,52.65,52.51,51.01,51.60
MK139299.1|AAV_isolate_CHC3765_AAV.FL.linear,98.23,98.37,98.37,98.37,98.64,98.91,98.64,98.64,98.91,98.37,99.32,99.46,99.46,99.59,99.59,99.86,,100.00,99.86,99.59,99.46,99.32,99.18,99.05,99.18,99.46,99.05,98.78,98.78,98.23,98.78,99.18,97.41,95.10,93.33,93.61,91.84,91.84,91.97,91.97,91.97,91.97,91.97,92.11,91.97,92.11,91.97,92.11,92.24,91.84,92.38,92.24,92.79,91.02,92.24,91.30,92.93,90.22,90.48,92.28,94.84,94.03,92.68,91.86,87.64,93.22,88.61,90.88,88.37,58.23,59.92,58.21,59.57,60.05,56.80,56.93,57.07,55.76,59.55,56.84,57.60,56.91,52.65,52.51,51.01,51.60
MK139250.1|AAV_isolate_CHC471_AAV.FL.linear,98.23,98.37,98.37,98.37,98.64,98.91,98.64,98.64,98.91,98.37,99.32,99.46,99.46,99.59,99.59,99.86,100.00,,99.86,99.59,99.46,99.32,99.18,99.05,99.18,99.46,99.05,98.78,98.78,98.23,98.78,99.18,97.41,95.10,93.33,93.61,91.84,91.84,91.97,91.97,91.97,91.97,91.97,92.11,91.97,92.11,91.97,92.11,92.24,91.84,92.38,92.24,92.79,91.02,92.24,91.30,92.93,90.22,90.48,92.28,94.84,94.03,92.68,91.86,87.64,93.22,88.61,90.88,88.37,58.23,59.92,58.21,59.57,60.05,56.80,56.93,57.07,55.76,59.55,56.84,57.60,56.91,52.65,52.51,51.01,51.60
MK139248.1|AAV_isolate_CHC387_AAV.FL.linear,98.10,98.23,98.50,98.50,98.78,98.78,98.50,98.50,98.78,98.50,99.18,99.32,99.32,99.46,99.46,99.73,99.86,99.86,,99.46,99.32,99.18,99.05,99.18,99.32,99.32,98.91,98.64,98.64,98.10,98.64,99.05,97.55,94.97,93.20,93.47,91.70,91.70,91.84,91.84,91.84,91.84,91.84,91.97,91.84,91.97,91.84,91.97,92.11,91.70,92.52,92.11,92.65,91.16,92.11,91.16,92.79,90.09,90.61,92.14,94.70,93.89,92.54,91.73,87.77,93.09,88.47,90.88,88.37,58.23,59.92,58.21,59.57,60.05,56.80,56.93,57.07,55.76,59.55,56.84,57.60,56.91,52.65,52.51,51.01,51.60
MK139247.1|AAV_isolate_CHC371_AAV.FL.linear,98.50,98.64,98.64,98.37,98.64,98.91,98.91,98.91,98.64,98.37,99.32,99.46,99.32,99.32,99.32,99.59,99.59,99.59,99.46,,99.73,99.73,99.32,99.18,98.78,99.32,99.05,99.18,99.05,98.50,98.78,99.32,97.41,95.51,93.61,93.74,92.11,92.11,92.24,92.24,92.24,92.24,92.24,92.38,92.24,92.11,91.97,92.11,92.52,92.11,92.11,92.52,93.06,91.02,91.97,91.57,93.06,90.50,90.48,92.00,94.84,94.30,92.95,92.13,87.64,93.63,88.47,90.88,88.56,58.23,59.92,58.21,59.57,60.05,56.80,56.93,57.07,55.76,59.55,56.84,57.74,57.05,52.51,52.51,50.87,51.73
MK139281.1|AAV_isolate_CHC2040_AAV.FL.linear,98.50,98.64,98.64,98.37,98.64,98.91,98.91,98.91,98.64,98.37,99.32,99.46,99.05,99.32,99.32,99.59,99.46,99.46,99.32,99.73,,99.46,99.05,99.05,98.64,99.05,99.05,98.91,99.05,98.50,98.78,99.05,97.69,95.24,93.88,93.74,92.38,92.38,92.52,92.52,92.52,92.52,92.52,92.65,92.52,92.38,92.24,92.38,92.79,92.38,92.38,92.79,93.33,91.29,92.24,91.84,93.06,90.77,90.75,92.28,95.11,94.30,93.22,92.41,87.64,93.63,88.47,91.16,88.37,58.23,60.05,58.48,59.57,60.05,56.80,56.93,57.07,55.76,59.42,56.84,57.60,56.91,52.51,52.51,50.87,51.73
AF043303.1|AAV_2,98.23,98.37,98.37,98.10,98.37,98.64,98.64,98.64,98.37,98.10,99.05,99.18,99.05,99.05,99.05,99.32,99.32,99.32,99.18,99.73,99.46,,99.05,98.91,98.50,99.05,98.78,98.91,98.78,98.23,98.50,99.32,97.14,95.37,93.47,93.61,91.97,91.97,92.11,92.11,92.11,92.11,92.11,92.24,92.11,91.97,91.84,91.97,92.38,91.97,91.97,92.38,92.79,90.88,91.84,91.43,92.93,90.36,90.34,91.87,95.11,94.16,93.22,92.00,87.36,93.77,88.33,91.16,88.93,58.23,59.79,58.08,59.57,59.92,56.67,56.67,56.93,55.50,59.55,56.84,57.47,56.91,52.38,52.38,50.87,51.60
MK139269.1|AAV_isolate_CHC1260_AAV.FL.linear,98.10,98.23,97.96,97.96,98.50,98.78,98.50,98.50,98.50,98.23,99.18,99.32,99.46,99.18,98.91,99.18,99.18,99.18,99.05,99.32,99.05,99.05,,99.05,98.78,99.18,99.46,99.32,98.78,98.64,98.37,98.64,97.28,95.24,93.33,93.74,91.84,91.84,91.97,91.97,91.97,91.97,91.97,92.11,92.11,91.84,91.97,92.11,92.24,91.84,92.11,92.24,92.79,91.02,91.97,91.30,93.06,90.22,90.61,92.00,94.43,94.03,92.27,91.86,87.64,93.09,88.47,90.34,87.99,58.50,60.05,58.21,59.43,60.19,56.53,56.67,56.93,55.63,59.55,56.97,57.74,57.05,52.38,52.65,51.14,51.73
MK139274.1|AAV_isolate_CHC1449_AAV.FL.linear,98.10,98.23,98.23,97.96,98.50,98.50,98.50,98.50,98.23,98.23,99.05,99.18,98.91,98.91,98.64,98.91,99.05,99.05,99.18,99.18,99.05,98.91,99.05,,99.05,98.64,98.78,98.78,99.18,98.23,98.37,98.50,97.28,95.10,93.33,93.33,91.84,91.84,91.97,91.97,91.97,91.97,91.97,92.11,92.24,91.84,91.70,91.84,92.38,91.84,92.11,92.24,92.79,91.02,91.70,91.30,92.65,90.22,90.61,91.73,94.16,94.03,92.27,91.86,87.91,92.95,88.20,90.34,87.80,58.23,59.92,58.08,59.57,60.05,56.53,56.67,56.93,55.50,59.68,56.57,57.74,56.78,52.51,52.78,50.74,51.73
AY695373.1|AAV_isolate_hu.T70,97.69,97.82,97.82,97.82,98.37,98.37,98.10,98.10,98.37,98.10,98.91,99.05,99.05,99.05,98.78,99.05,99.18,99.18,99.32,98.78,98.64,98.50,98.78,99.05,,98.78,98.64,98.37,98.50,97.82,98.50,98.37,97.14,94.83,93.06,93.33,91.56,91.56,91.70,91.70,91.70,91.70,91.70,91.84,91.70,91.84,91.70,91.84,92.11,91.56,92.38,91.97,92.24,91.29,91.97,91.03,92.65,89.95,90.61,92.00,94.02,93.75,92.13,91.59,88.18,92.81,88.33,90.20,87.80,58.50,59.92,58.34,59.57,60.19,56.67,56.80,57.07,55.50,59.81,56.70,57.74,56.91,52.51,52.65,50.87,51.60
MK139286.1|AAV_isolate_CHC2128_AAV.FL.linear,97.82,97.96,97.96,97.96,98.23,98.50,98.23,98.23,98.50,97.96,99.18,99.32,99.46,99.18,99.18,99.46,99.46,99.46,99.32,99.32,99.05,99.05,99.18,98.64,98.78,,98.91,98.78,98.50,98.10,98.37,98.91,97.01,94.97,93.20,93.61,91.70,91.70,91.84,91.84,91.84,91.84,91.84,91.97,91.84,91.97,91.84,91.97,92.11,91.70,92.24,92.11,92.65,91.02,92.11,91.16,93.06,90.09,90.34,92.14,94.70,93.75,92.27,91.59,87.64,93.09,88.47,90.48,88.18,58.37,59.92,58.08,59.57,60.05,56.67,56.80,56.93,55.76,59.42,56.84,57.74,57.05,52.51,52.38,51.01,51.60
MK139251.1|AAV_isolate_CHC473_AAV.FL.linear,98.64,98.78,98.50,98.50,99.05,99.32,99.05,99.05,99.05,98.78,99.18,99.32,99.18,99.18,98.91,99.18,99.05,99.05,98.91,99.05,99.05,98.78,99.46,98.78,98.64,98.91,,99.59,98.78,99.18,98.37,98.37,97.28,94.97,93.47,93.61,91.97,91.97,92.11,92.11,92.11,92.11,92.11,92.24,92.11,91.97,92.11,92.24,92.38,91.97,92.24,92.52,92.93,91.16,92.11,91.43,92.93,90.36,90.61,92.14,94.43,94.03,92.27,91.86,87.64,92.81,88.61,90.34,87.43,58.50,60.32,58.48,59.43,60.19,56.80,56.93,57.20,55.89,59.55,56.70,57.60,56.91,52.51,52.78,51.14,51.73
MK139265.1|AAV_isolate_CHC1017_AAV.FL.linear,98.50,98.64,98.64,98.37,98.64,98.91,98.91,98.91,98.64,98.64,99.32,99.18,99.32,98.78,98.50,98.78,98.78,98.78,98.64,99.18,98.91,98.91,99.32,98.78,98.37,98.78,99.59,,98.64,99.05,98.23,98.50,97.14,95.10,93.33,93.47,91.84,91.84,91.97,91.97,91.97,91.97,91.97,92.11,91.97,91.84,91.70,91.84,92.24,91.84,91.84,92.38,92.79,91.02,91.70,91.57,92.79,90.22,90.20,91.73,94.02,93.89,92.41,91.73,87.64,92.95,88.20,90.07,87.43,58.50,60.19,58.34,59.43,60.19,56.80,56.93,57.20,55.89,59.55,56.57,57.74,57.05,52.51,52.78,51.01,51.60
MK139291.1|AAV_isolate_CHC2497_AAV.FL.linear,98.10,98.23,97.96,97.69,98.23,98.50,98.50,98.50,98.23,97.96,99.05,99.18,98.78,98.91,98.64,98.91,98.78,98.78,98.64,99.05,99.05,98.78,98.78,99.18,98.50,98.50,98.78,98.64,,98.23,98.64,98.37,97.01,95.24,93.47,93.61,92.24,92.24,92.38,92.38,92.38,92.38,92.38,92.52,92.38,92.24,92.11,92.24,92.79,92.24,91.97,92.65,93.20,91.16,92.11,91.71,92.65,90.63,90.61,92.14,94.29,94.03,92.54,91.86,87.91,93.09,88.61,90.48,87.24,58.23,60.05,58.21,59.43,59.92,56.53,56.67,56.93,55.50,59.68,56.57,57.74,56.78,52.38,52.65,50.74,51.73
MK139270.1|AAV_isolate_CHC1273_AAV.FL.linear,98.10,98.23,97.96,97.69,98.23,98.50,98.50,98.50,98.23,97.96,98.64,98.78,98.37,98.64,98.10,98.37,98.23,98.23,98.10,98.50,98.50,98.23,98.64,98.23,97.82,98.10,99.18,99.05,98.23,,98.10,97.82,96.46,94.42,92.93,92.79,91.43,91.43,91.56,91.56,91.56,91.56,91.56,91.70,91.56,91.43,91.29,91.43,91.84,91.43,91.43,91.97,92.38,90.34,91.29,90.89,92.11,89.82,90.07,91.32,93.88,93.48,91.73,91.45,87.23,92.27,88.06,89.66,87.43,57.97,60.32,58.21,59.43,59.92,57.03,57.16,57.43,56.12,59.71,56.43,57.84,57.14,52.99,53.25,51.14,51.94
MK139283.1|AAV_isolate_CHC2102_AAV.FL.linear,97.96,98.10,97.69,97.41,97.96,98.23,98.23,98.23,98.23,97.69,98.91,99.05,98.64,99.18,98.64,98.91,98.78,98.78,98.64,98.78,98.78,98.50,98.37,98.37,98.50,98.37,98.37,98.23,98.64,98.10,,98.37,97.01,94.83,93.20,93.06,91.70,91.70,91.84,91.84,91.84,91.84,91.84,91.97,91.84,91.97,91.56,91.70,92.11,91.70,91.97,92.11,92.65,90.61,91.84,91.16,92.38,90.09,90.34,91.46,94.43,93.75,92.41,91.45,87.64,92.81,88.47,90.48,87.62,58.10,60.19,58.61,59.43,59.92,56.80,56.93,57.20,55.76,59.81,56.43,57.60,56.91,52.78,52.65,50.74,51.60
MK139287.1|AAV_isolate_CHC2141_AAV.FL.linear,97.82,97.96,97.96,97.69,97.96,98.23,98.23,98.23,98.23,97.69,98.91,99.05,98.91,98.91,98.91,99.18,99.18,99.18,99.05,99.32,99.05,99.32,98.64,98.50,98.37,98.91,98.37,98.50,98.37,97.82,98.37,,96.73,94.97,93.06,93.20,91.56,91.56,91.70,91.70,91.70,91.70,91.70,91.84,91.70,91.84,91.43,91.56,91.97,91.56,91.84,91.97,92.38,90.48,91.70,91.03,92.52,89.95,89.93,91.73,94.43,93.75,92.54,91.59,87.09,93.09,88.06,90.61,88.18,57.97,59.52,57.94,59.30,59.79,56.40,56.53,56.67,55.36,59.42,56.57,57.20,56.64,52.38,52.25,50.47,51.33
MK139289.1|AAV_isolate_CHC2208_AAV.FL.linear,96.46,96.60,96.87,96.87,97.14,97.14,96.87,96.87,96.87,97.14,97.55,97.41,97.55,97.55,97.28,97.55,97.41,97.41,97.55,97.41,97.69,97.14,97.28,97.28,97.14,97.01,97.28,97.14,97.01,96.46,97.01,96.73,,94.69,93.88,94.01,92.24,92.38,92.52,92.52,92.52,92.52,92.52,92.38,92.24,92.38,92.52,92.38,92.52,92.11,92.93,92.52,93.06,92.93,92.52,91.98,93.06,90.36,90.75,92.28,94.43,93.75,93.22,91.59,88.72,93.09,88.47,90.07,86.30,57.56,59.79,58.08,59.70,60.19,56.80,56.93,57.73,56.03,59.15,56.43,57.07,56.38,52.78,52.78,50.74,51.20
MK139263.1|AAV_isolate_CHC985_AAV.FL.linear,94.56,94.69,94.15,93.88,94.29,94.56,94.56,94.56,94.29,94.01,95.10,95.24,95.10,94.97,94.83,95.10,95.10,95.10,94.97,95.51,95.24,95.37,95.24,95.10,94.83,94.97,94.97,95.10,95.24,94.42,94.83,94.97,94.69,,95.24,96.05,94.42,94.69,94.56,94.56,94.56,94.56,94.56,94.69,94.56,94.42,94.29,94.42,94.69,94.42,93.88,94.83,94.01,92.38,93.33,93.88,94.69,92.26,91.16,92.41,91.84,94.43,91.05,93.22,88.18,94.04,90.92,88.84,83.11,57.43,59.38,57.54,58.76,59.39,56.40,56.53,56.80,55.10,59.02,56.17,56.66,56.38,52.38,52.65,50.34,51.46
MK139245.1|AAV_isolate_CHC217_AAV.FL.linear,93.20,93.33,92.79,92.52,92.93,93.20,93.20,93.20,92.93,92.65,93.47,93.61,93.20,93.33,93.20,93.47,93.33,93.33,93.20,93.61,93.88,93.47,93.33,93.33,93.06,93.20,93.47,93.33,93.47,92.93,93.20,93.06,93.88,95.24,,98.37,97.55,97.82,97.96,97.96,97.96,97.96,97.96,97.82,97.69,97.82,97.69,97.55,97.55,97.55,97.28,97.28,97.14,95.37,95.51,96.33,95.78,95.66,93.88,94.59,94.02,94.57,91.18,93.63,90.08,91.73,93.23,89.25,80.30,57.97,59.92,58.08,59.97,60.19,56.93,56.93,57.60,55.76,59.28,56.70,57.20,57.05,52.38,52.65,50.34,51.46
MK139277.1|AAV_isolate_CHC1591_AAV.FL.linear,93.06,93.20,92.65,92.65,93.06,93.33,93.06,93.06,93.06,92.79,93.33,93.47,93.61,93.47,93.33,93.61,93.61,93.61,93.47,93.74,93.74,93.61,93.74,93.33,93.33,93.61,93.61,93.47,93.61,92.79,93.06,93.20,94.01,96.05,98.37,,97.82,98.10,98.23,98.23,98.23,98.23,98.23,98.10,97.96,98.10,98.23,98.10,97.82,97.82,97.55,97.55,97.41,95.78,96.05,96.74,97.14,95.93,94.29,94.72,93.61,94.03,91.45,93.22,90.49,92.81,93.63,89.25,80.68,57.97,59.92,58.21,59.84,60.45,57.20,57.20,57.87,56.03,59.55,56.57,57.47,57.32,52.38,52.65,50.74,51.46
MK139268.1|AAV_isolate_CHC1158_AAV.FL.linear,91.70,91.84,91.29,91.02,91.43,91.70,91.70,91.70,91.43,91.16,91.97,92.11,91.70,91.84,91.70,91.97,91.84,91.84,91.70,92.11,92.38,91.97,91.84,91.84,91.56,91.70,91.97,91.84,92.24,91.43,91.70,91.56,92.24,94.42,97.55,97.82,,99.46,99.59,99.59,99.59,99.59,99.59,99.73,99.59,99.46,99.32,99.46,99.46,99.32,98.64,99.18,99.05,97.01,97.28,98.24,96.87,97.42,95.65,96.09,94.97,95.66,92.81,94.04,91.44,93.09,94.72,90.61,78.42,58.10,60.59,58.48,59.57,60.05,57.60,57.33,57.87,55.89,59.02,56.30,57.20,57.05,52.25,52.51,50.20,51.73
MK139244.1|AAV_isolate_CHC163_AAV.FL.linear,91.70,91.84,91.29,91.02,91.43,91.70,91.70,91.70,91.43,91.16,91.97,92.11,91.70,91.84,91.70,91.97,91.84,91.84,91.70,92.11,92.38,91.97,91.84,91.84,91.56,91.70,91.97,91.84,92.24,91.43,91.70,91.56,92.38,94.69,97.82,98.10,99.46,,99.86,99.86,99.86,99.86,99.86,99.73,99.59,99.73,99.59,99.46,99.46,99.32,98.91,99.18,99.05,97.14,97.28,98.24,97.14,97.56,95.65,96.09,94.97,95.66,92.95,94.04,91.58,93.36,94.99,90.75,78.24,57.97,60.59,58.61,59.57,60.05,57.60,57.33,58.13,56.16,58.89,56.17,57.34,57.18,52.12,52.38,50.20,51.60
MK139246.1|AAV_isolate_CHC367_AAV.FL.linear,91.84,91.97,91.43,91.16,91.56,91.84,91.84,91.84,91.56,91.29,92.11,92.24,91.84,91.97,91.84,92.11,91.97,91.97,91.84,92.24,92.52,92.11,91.97,91.97,91.70,91.84,92.11,91.97,92.38,91.56,91.84,91.70,92.52,94.56,97.96,98.23,99.59,99.86,,100.00,100.00,100.00,100.00,99.86,99.73,99.86,99.73,99.59,99.59,99.46,99.05,99.32,99.18,97.28,97.41,98.37,97.28,97.70,95.78,96.22,95.11,95.79,93.09,94.17,91.44,93.49,95.13,90.88,78.42,58.10,60.59,58.61,59.70,60.19,57.60,57.33,58.13,56.16,58.89,56.17,57.34,57.18,52.12,52.38,50.20,51.60
MK163929.1|AAV_isolate_CHC367_AAV.FL.circular,91.84,91.97,91.43,91.16,91.56,91.84,91.84,91.84,91.56,91.29,92.11,92.24,91.84,91.97,91.84,92.11,91.97,91.97,91.84,92.24,92.52,92.11,91.97,91.97,91.70,91.84,92.11,91.97,92.38,91.56,91.84,91.70,92.52,94.56,97.96,98.23,99.59,99.86,100.00,,100.00,100.00,100.00,99.86,99.73,99.86,99.73,99.59,99.59,99.46,99.05,99.32,99.18,97.28,97.41,98.37,97.28,97.70,95.78,96.22,95.11,95.79,93.09,94.17,91.44,93.49,95.13,90.88,78.42,58.10,60.59,58.61,59.70,60.19,57.60,57.33,58.13,56.16,58.89,56.17,57.34,57.18,52.12,52.38,50.20,51.60
MK139284.1|AAV_isolate_CHC2107_AAV.FL.linear,91.84,91.97,91.43,91.16,91.56,91.84,91.84,91.84,91.56,91.29,92.11,92.24,91.84,91.97,91.84,92.11,91.97,91.97,91.84,92.24,92.52,92.11,91.97,91.97,91.70,91.84,92.11,91.97,92.38,91.56,91.84,91.70,92.52,94.56,97.96,98.23,99.59,99.86,100.00,100.00,,100.00,100.00,99.86,99.73,99.86,99.73,99.59,99.59,99.46,99.05,99.32,99.18,97.28,97.41,98.37,97.28,97.70,95.78,96.22,95.11,95.79,93.09,94.17,91.44,93.49,95.13,90.88,78.42,58.10,60.59,58.61,59.70,60.19,57.60,57.33,58.13,56.16,58.89,56.17,57.34,57.18,52.12,52.38,50.20,51.60
MK139262.1|AAV_isolate_CHC976_AAV.FL.linear,91.84,91.97,91.43,91.16,91.56,91.84,91.84,91.84,91.56,91.29,92.11,92.24,91.84,91.97,91.84,92.11,91.97,91.97,91.84,92.24,92.52,92.11,91.97,91.97,91.70,91.84,92.11,91.97,92.38,91.56,91.84,91.70,92.52,94.56,97.96,98.23,99.59,99.86,100.00,100.00,100.00,,100.00,99.86,99.73,99.86,99.73,99.59,99.59,99.46,99.05,99.32,99.18,97.28,97.41,98.37,97.28,97.70,95.78,96.22,95.11,95.79,93.09,94.17,91.44,93.49,95.13,90.88,78.42,58.10,60.59,58.61,59.70,60.19,57.60,57.33,58.13,56.16,58.89,56.17,57.34,57.18,52.12,52.38,50.20,51.60
MK139271.1|AAV_isolate_CHC1286_AAV.FL.linear,91.84,91.97,91.43,91.16,91.56,91.84,91.84,91.84,91.56,91.29,92.11,92.24,91.84,91.97,91.84,92.11,91.97,91.97,91.84,92.24,92.52,92.11,91.97,91.97,91.70,91.84,92.11,91.97,92.38,91.56,91.84,91.70,92.52,94.56,97.96,98.23,99.59,99.86,100.00,100.00,100.00,100.00,,99.86,99.73,99.86,99.73,99.59,99.59,99.46,99.05,99.32,99.18,97.28,97.41,98.37,97.28,97.70,95.78,96.22,95.11,95.79,93.09,94.17,91.44,93.49,95.13,90.88,78.42,58.10,60.59,58.61,59.70,60.19,57.60,57.33,58.13,56.16,58.89,56.17,57.34,57.18,52.12,52.38,50.20,51.60
MK139256.1|AAV_isolate_CHC704_AAV.FL.linear,91.97,92.11,91.56,91.29,91.70,91.97,91.97,91.97,91.70,91.43,92.24,92.38,91.97,92.11,91.97,92.24,92.11,92.11,91.97,92.38,92.65,92.24,92.11,92.11,91.84,91.97,92.24,92.11,92.52,91.70,91.97,91.84,92.38,94.69,97.82,98.10,99.73,99.73,99.86,99.86,99.86,99.86,99.86,,99.86,99.73,99.59,99.73,99.73,99.59,98.91,99.46,99.32,97.14,97.55,98.51,97.14,97.56,95.92,96.36,95.24,95.93,92.95,94.31,91.58,93.36,94.99,90.88,78.61,58.10,60.59,58.61,59.57,60.05,57.73,57.47,58.00,56.03,59.02,56.30,57.34,57.18,52.25,52.51,50.34,51.73
MK139254.1|AAV_isolate_CHC668_AAV.FL.linear,91.84,91.97,91.43,91.16,91.56,91.84,91.84,91.84,91.56,91.29,92.11,92.24,91.84,91.97,91.84,92.11,91.97,91.97,91.84,92.24,92.52,92.11,92.11,92.24,91.70,91.84,92.11,91.97,92.38,91.56,91.84,91.70,92.24,94.56,97.69,97.96,99.59,99.59,99.73,99.73,99.73,99.73,99.73,99.86,,99.59,99.46,99.59,99.59,99.46,98.78,99.32,99.18,97.01,97.41,98.37,97.01,97.42,95.92,96.22,95.11,95.79,92.81,94.17,91.58,93.22,94.86,90.75,78.61,58.10,60.59,58.61,59.57,60.05,57.60,57.33,57.87,55.89,58.89,56.30,57.34,57.18,52.38,52.65,50.34,51.73
MK139260.1|AAV_isolate_CHC790_AAV.FL.linear,91.70,91.84,91.29,91.02,91.43,91.70,91.70,91.70,91.70,91.16,92.24,92.38,91.97,92.11,91.97,92.24,92.11,92.11,91.97,92.11,92.38,91.97,91.84,91.84,91.84,91.97,91.97,91.84,92.24,91.43,91.97,91.84,92.38,94.42,97.82,98.10,99.46,99.73,99.86,99.86,99.86,99.86,99.86,99.73,99.59,,99.59,99.46,99.46,99.32,99.18,99.18,99.05,97.14,97.55,98.24,97.14,97.56,95.65,96.36,94.97,95.66,92.95,94.04,91.44,93.36,95.13,90.88,78.42,58.10,60.59,58.61,59.70,60.19,57.60,57.33,58.13,56.16,58.89,56.17,57.34,57.18,52.25,52.38,50.20,51.46
MK139257.1|AAV_isolate_CHC714_AAV.FL.linear,91.56,91.70,91.16,91.16,91.56,91.84,91.56,91.56,91.56,91.29,91.84,91.97,91.84,91.97,91.84,92.11,91.97,91.97,91.84,91.97,92.24,91.84,91.97,91.70,91.70,91.84,92.11,91.70,92.11,91.29,91.56,91.43,92.52,94.29,97.69,98.23,99.32,99.59,99.73,99.73,99.73,99.73,99.73,99.59,99.46,99.59,,99.59,99.32,99.18,99.05,99.05,98.91,97.28,97.41,98.10,97.28,97.42,95.78,96.22,95.11,95.52,92.81,93.90,91.44,93.22,95.13,90.88,78.42,58.23,60.72,58.61,59.70,60.19,57.60,57.33,58.13,56.16,58.89,56.30,57.34,57.18,52.12,52.38,50.34,51.60
MK139255.1|AAV_isolate_CHC685_AAV.FL.linear,91.70,91.84,91.29,91.29,91.70,91.97,91.70,91.70,91.70,91.43,91.97,92.11,91.97,92.11,91.97,92.24,92.11,92.11,91.97,92.11,92.38,91.97,92.11,91.84,91.84,91.97,92.24,91.84,92.24,91.43,91.70,91.56,92.38,94.42,97.55,98.10,99.46,99.46,99.59,99.59,99.59,99.59,99.59,99.73,99.59,99.46,99.59,,99.46,99.32,98.91,99.18,99.05,97.14,97.55,98.24,97.14,97.29,95.92,96.36,95.24,95.66,92.68,94.04,91.44,93.09,94.99,90.75,78.42,58.23,60.59,58.61,59.43,60.05,57.87,57.60,58.13,56.16,59.15,56.17,57.20,57.05,52.12,52.65,50.34,51.60
MK139266.1|AAV_isolate_CHC1020_AAV.FL.linear,92.11,92.24,91.70,91.43,91.84,92.11,92.11,92.11,91.84,91.56,92.38,92.52,92.11,92.24,92.11,92.38,92.24,92.24,92.11,92.52,92.79,92.38,92.24,92.38,92.11,92.11,92.38,92.24,92.79,91.84,92.11,91.97,92.52,94.69,97.55,97.82,99.46,99.46,99.59,99.59,99.59,99.59,99.59,99.73,99.59,99.46,99.32,99.46,,99.32,98.91,99.18,99.05,97.28,97.69,98.24,97.14,97.29,95.65,96.09,95.38,95.93,93.09,94.31,91.58,93.36,94.72,91.02,78.80,58.10,60.59,58.61,59.57,60.05,57.73,57.47,58.00,56.03,59.15,56.30,57.34,57.05,52.25,52.51,50.20,51.73
MK139296.1|AAV_isolate_CHC3086_AAV.FL.linear,91.70,91.84,91.29,91.02,91.43,91.70,91.70,91.70,91.43,91.16,91.97,92.11,91.70,91.84,91.70,91.97,91.84,91.84,91.70,92.11,92.38,91.97,91.84,91.84,91.56,91.70,91.97,91.84,92.24,91.43,91.70,91.56,92.11,94.42,97.55,97.82,99.32,99.32,99.46,99.46,99.46,99.46,99.46,99.59,99.46,99.32,99.18,99.32,99.32,,98.50,99.05,98.91,96.73,97.14,98.10,96.73,97.15,95.78,95.95,94.84,95.52,92.81,94.58,91.44,92.95,94.99,90.61,78.61,58.10,60.99,58.74,59.57,60.05,57.73,57.47,58.00,56.03,58.89,56.17,57.34,57.18,52.38,52.65,50.47,51.73
MK139279.1|AAV_isolate_CHC1704_AAV.FL.linear,91.56,91.70,91.56,91.56,91.97,91.97,91.70,91.70,91.97,91.70,92.24,92.38,92.24,92.38,92.24,92.52,92.38,92.38,92.52,92.11,92.38,91.97,92.11,92.11,92.38,92.24,92.24,91.84,91.97,91.43,91.97,91.84,92.93,93.88,97.28,97.55,98.64,98.91,99.05,99.05,99.05,99.05,99.05,98.91,98.78,99.18,99.05,98.91,98.91,98.50,,98.37,98.23,97.14,97.28,97.42,97.14,96.88,95.65,96.09,95.24,95.66,92.68,93.77,91.30,92.81,94.58,90.61,78.99,58.23,60.46,58.48,59.57,60.32,57.47,57.20,58.00,56.03,58.75,56.30,57.20,56.91,52.12,52.12,50.34,51.60
MK139249.1|AAV_isolate_CHC442_AAV.FL.linear,92.24,92.38,91.84,91.56,91.97,92.24,92.24,92.24,91.97,91.70,92.38,92.52,92.11,92.24,92.11,92.38,92.24,92.24,92.11,92.52,92.79,92.38,92.24,92.24,91.97,92.11,92.52,92.38,92.65,91.97,92.11,91.97,92.52,94.83,97.28,97.55,99.18,99.18,99.32,99.32,99.32,99.32,99.32,99.46,99.32,99.18,99.05,99.18,99.18,99.05,98.37,,98.78,96.87,97.55,98.24,96.87,97.02,95.78,96.22,95.38,96.07,93.09,94.45,91.58,93.49,94.45,91.02,78.80,58.10,60.72,58.74,59.57,60.05,57.73,57.47,58.00,56.03,58.89,56.17,57.34,57.18,52.38,52.65,50.47,51.73
MK139273.1|AAV_isolate_CHC1350_AAV.FL.linear,92.65,92.79,92.24,91.97,92.38,92.65,92.65,92.65,92.38,92.11,92.93,93.06,92.65,92.79,92.65,92.93,92.79,92.79,92.65,93.06,93.33,92.79,92.79,92.79,92.24,92.65,92.93,92.79,93.20,92.38,92.65,92.38,93.06,94.01,97.14,97.41,99.05,99.05,99.18,99.18,99.18,99.18,99.18,99.32,99.18,99.05,98.91,99.05,99.05,98.91,98.23,98.78,,96.73,96.87,97.83,96.46,96.88,95.65,96.09,95.79,95.25,93.49,93.63,91.30,93.49,94.31,91.29,79.36,57.83,60.46,58.21,59.30,59.79,57.73,57.47,58.13,56.03,58.62,56.17,57.34,56.78,51.85,52.12,50.34,51.46
AY695376.1|AAV_isolate_hu.S17,90.61,90.75,90.75,90.75,90.88,90.88,90.61,90.61,90.61,90.88,91.16,91.02,91.16,91.02,90.88,91.16,91.02,91.02,91.16,91.02,91.29,90.88,91.02,91.02,91.29,91.02,91.16,91.02,91.16,90.34,90.61,90.48,92.93,92.38,95.37,95.78,97.01,97.14,97.28,97.28,97.28,97.28,97.28,97.14,97.01,97.14,97.28,97.14,97.28,96.73,97.14,96.87,96.73,,97.14,96.06,96.33,95.11,95.10,95.54,94.97,93.89,93.09,92.13,92.39,91.59,92.68,89.80,78.05,58.37,60.59,58.21,60.11,60.05,57.60,57.20,58.00,55.89,58.89,56.03,57.20,56.78,52.12,52.38,50.47,51.46
MK139297.1|AAV_isolate_CHC3142_AAV.FL.linear,91.56,91.70,91.16,91.16,91.56,91.84,91.56,91.56,91.84,91.29,92.11,92.24,92.11,92.24,92.11,92.38,92.24,92.24,92.11,91.97,92.24,91.84,91.97,91.70,91.97,92.11,92.11,91.70,92.11,91.29,91.84,91.70,92.52,93.33,95.51,96.05,97.28,97.28,97.41,97.41,97.41,97.41,97.41,97.55,97.41,97.55,97.41,97.55,97.69,97.14,97.28,97.55,96.87,97.14,,96.60,96.19,95.25,94.97,95.95,95.38,94.57,92.95,92.95,91.17,92.41,92.95,90.61,78.99,57.97,60.46,58.61,59.57,60.19,58.13,57.73,58.27,56.29,58.62,56.17,56.93,56.78,52.51,52.65,50.87,51.60
MK139290.1|AAV_isolate_CHC2320_AAV.FL.linear,91.03,91.16,90.89,90.62,90.75,91.03,91.03,91.03,90.75,90.75,91.71,91.57,91.43,91.30,91.16,91.43,91.30,91.30,91.16,91.57,91.84,91.43,91.30,91.30,91.03,91.16,91.43,91.57,91.71,90.89,91.16,91.03,91.98,93.88,96.33,96.74,98.24,98.24,98.37,98.37,98.37,98.37,98.37,98.51,98.37,98.24,98.10,98.24,98.24,98.10,97.42,98.24,97.83,96.06,96.60,,96.06,96.07,94.43,95.14,94.16,94.71,92.14,93.09,91.04,92.55,93.64,90.35,78.61,57.57,59.93,57.95,59.31,59.79,57.21,56.94,57.47,55.50,58.63,55.64,57.07,56.92,52.12,52.39,50.07,51.34
MK139258.1|AAV_isolate_CHC767_AAV.FL.linear,92.24,92.38,91.84,91.84,92.24,92.52,92.24,92.24,92.24,91.97,92.65,92.79,92.93,92.79,92.65,92.93,92.93,92.93,92.79,93.06,93.06,92.93,93.06,92.65,92.65,93.06,92.93,92.79,92.65,92.11,92.38,92.52,93.06,94.69,95.78,97.14,96.87,97.14,97.28,97.28,97.28,97.28,97.28,97.14,97.01,97.14,97.28,97.14,97.14,96.73,97.14,96.87,96.46,96.33,96.19,96.06,,95.11,94.29,95.00,94.15,94.16,91.32,92.68,90.49,93.36,93.09,89.25,79.92,58.23,60.05,58.21,59.84,60.05,57.33,57.33,57.73,56.16,59.02,56.17,56.93,56.64,52.25,52.51,50.47,51.33
MK139276.1|AAV_isolate_CHC1570_AAV.FL.linear,90.22,90.36,89.68,89.41,89.82,90.09,90.09,90.09,89.82,89.54,90.36,90.50,90.09,90.22,90.09,90.36,90.22,90.22,90.09,90.50,90.77,90.36,90.22,90.22,89.95,90.09,90.36,90.22,90.63,89.82,90.09,89.95,90.36,92.26,95.66,95.93,97.42,97.56,97.70,97.70,97.70,97.70,97.70,97.56,97.42,97.56,97.42,97.29,97.29,97.15,96.88,97.02,96.88,95.11,95.25,96.07,95.11,,93.76,94.06,93.35,93.63,91.34,91.88,89.56,91.20,92.83,89.00,76.04,57.09,59.31,57.34,58.96,59.05,56.33,56.06,56.73,54.90,58.23,55.56,56.46,56.44,51.26,51.39,49.07,50.94
MK139267.1|AAV_isolate_CHC1024_AAV.FL.linear,89.66,89.80,89.93,89.93,90.34,90.34,90.07,90.07,90.07,90.07,90.34,90.48,90.34,90.75,90.34,90.61,90.48,90.48,90.61,90.48,90.75,90.34,90.61,90.61,90.61,90.34,90.61,90.20,90.61,90.07,90.34,89.93,90.75,91.16,93.88,94.29,95.65,95.65,95.78,95.78,95.78,95.78,95.78,95.92,95.92,95.65,95.78,95.92,95.65,95.78,95.65,95.78,95.65,95.10,94.97,94.43,94.29,93.76,,95.26,93.88,93.21,90.64,91.18,93.75,90.36,92.00,88.57,79.55,58.90,62.47,59.95,60.32,60.27,58.13,57.73,58.13,56.29,59.81,56.43,57.95,57.80,53.64,53.77,50.94,51.93
MK139252.1|AAV_isolate_CHC508_AAV.FL.linear,91.19,91.32,91.19,91.19,91.60,91.87,91.60,91.60,91.87,91.32,92.14,92.28,92.14,92.28,92.14,92.41,92.28,92.28,92.14,92.00,92.28,91.87,92.00,91.73,92.00,92.14,92.14,91.73,92.14,91.32,91.46,91.73,92.28,92.41,94.59,94.72,96.09,96.09,96.22,96.22,96.22,96.22,96.22,96.36,96.22,96.36,96.22,96.36,96.09,95.95,96.09,96.22,96.09,95.54,95.95,95.14,95.00,94.06,95.26,,94.59,93.65,91.21,91.89,90.66,91.62,92.30,89.01,79.58,57.86,60.22,58.37,59.27,60.29,57.36,56.96,57.36,55.53,58.25,56.19,57.17,56.89,52.08,52.48,50.57,51.03
MK139243.1|AAV_isolate_CHC129_AAV.FL.linear,93.75,93.88,93.88,93.88,94.16,94.43,94.16,94.16,94.16,93.88,94.43,94.56,94.43,94.97,94.70,94.97,94.84,94.84,94.70,94.84,95.11,95.11,94.43,94.16,94.02,94.70,94.43,94.02,94.29,93.88,94.43,94.43,94.43,91.84,94.02,93.61,94.97,94.97,95.11,95.11,95.11,95.11,95.11,95.24,95.11,94.97,95.11,95.24,95.38,94.84,95.24,95.38,95.79,94.97,95.38,94.16,94.15,93.35,93.88,94.59,,94.17,95.00,91.87,90.36,92.96,90.92,92.52,83.69,57.70,60.33,58.48,59.57,59.66,57.61,57.21,57.61,56.03,58.36,56.04,57.21,56.78,52.12,52.25,50.34,51.34
MK139253.1|AAV_isolate_CHC667_AAV.FL.linear,93.35,93.48,93.35,93.07,93.48,93.75,93.75,93.75,93.48,93.21,94.16,94.30,93.89,94.03,93.89,94.16,94.03,94.03,93.89,94.30,94.30,94.16,94.03,94.03,93.75,93.75,94.03,93.89,94.03,93.48,93.75,93.75,93.75,94.43,94.57,94.03,95.66,95.66,95.79,95.79,95.79,95.79,95.79,95.93,95.79,95.66,95.52,95.66,95.93,95.52,95.66,96.07,95.25,93.89,94.57,94.71,94.16,93.63,93.21,93.65,94.17,,92.42,94.19,89.55,92.96,91.47,90.76,80.88,57.17,59.93,57.56,58.77,58.73,56.55,56.41,56.95,54.98,58.23,55.37,56.41,55.99,52.13,51.86,49.95,51.21
MK139278.1|AAV_isolate_CHC1602_AAV.FL.linear,92.13,92.27,92.27,92.00,92.00,92.27,92.27,92.27,92.00,92.00,92.81,92.68,92.54,92.54,92.54,92.81,92.68,92.68,92.54,92.95,93.22,93.22,92.27,92.27,92.13,92.27,92.27,92.41,92.54,91.73,92.41,92.54,93.22,91.05,91.18,91.45,92.81,92.95,93.09,93.09,93.09,93.09,93.09,92.95,92.81,92.95,92.81,92.68,93.09,92.81,92.68,93.09,93.49,93.09,92.95,92.14,91.32,91.34,90.64,91.21,95.00,92.42,,90.66,87.93,92.29,88.22,91.73,83.50,57.32,59.81,57.97,58.92,59.68,57.09,56.82,57.36,55.92,57.72,55.39,55.74,55.33,51.88,51.48,50.23,50.69
MK139294.1|AAV_isolate_CHC2806_AAV.FL.linear,91.73,91.86,91.32,91.05,91.45,91.73,91.73,91.73,91.45,91.18,92.00,92.13,91.73,91.86,91.73,92.00,91.86,91.86,91.73,92.13,92.41,92.00,91.86,91.86,91.59,91.59,91.86,91.73,91.86,91.45,91.45,91.59,91.59,93.22,93.63,93.22,94.04,94.04,94.17,94.17,94.17,94.17,94.17,94.31,94.17,94.04,93.90,94.04,94.31,94.58,93.77,94.45,93.63,92.13,92.95,93.09,92.68,91.88,91.18,91.89,91.87,94.19,90.66,,87.52,90.93,89.72,89.28,79.75,57.32,60.08,57.83,59.32,58.88,55.76,55.89,55.89,54.46,58.11,55.52,56.82,56.67,52.14,52.67,50.49,50.82
U48704.1|AAV_3,86.82,86.96,87.91,87.77,87.64,87.36,87.23,87.23,87.50,87.91,87.91,87.77,87.77,87.91,87.50,87.77,87.64,87.64,87.77,87.64,87.64,87.36,87.64,87.91,88.18,87.64,87.64,87.64,87.91,87.23,87.64,87.09,88.72,88.18,90.08,90.49,91.44,91.58,91.44,91.44,91.44,91.44,91.44,91.58,91.58,91.44,91.44,91.44,91.58,91.44,91.30,91.58,91.30,92.39,91.17,91.04,90.49,89.56,93.75,90.66,90.36,89.55,87.93,87.52,,86.03,88.08,85.46,78.09,59.22,62.06,59.15,59.62,59.71,57.52,57.66,57.79,55.69,58.54,55.42,57.80,57.51,53.37,53.50,51.34,52.32
MK139264.1|AAV_isolate_CHC1010_AAV.FL.linear,92.54,92.68,92.27,92.00,92.27,92.54,92.54,92.54,92.27,92.00,93.09,93.22,93.09,92.95,92.95,93.22,93.22,93.22,93.09,93.63,93.63,93.77,93.09,92.95,92.81,93.09,92.81,92.95,93.09,92.27,92.81,93.09,93.09,94.04,91.73,92.81,93.09,93.36,93.49,93.49,93.49,93.49,93.49,93.36,93.22,93.36,93.22,93.09,93.36,92.95,92.81,93.49,93.49,91.59,92.41,92.55,93.36,91.20,90.36,91.62,92.96,92.96,92.29,90.93,86.03,,89.99,89.96,81.64,56.78,58.87,57.43,58.64,58.75,56.02,55.76,56.56,54.46,57.58,55.79,55.61,55.19,51.21,51.21,49.42,50.29
MK139285.1|AAV_isolate_CHC2112_AAV.FL.linear,88.06,88.20,87.65,87.65,88.06,88.33,88.06,88.06,88.20,87.79,88.47,88.61,88.47,88.88,88.47,88.74,88.61,88.61,88.47,88.47,88.47,88.33,88.47,88.20,88.33,88.47,88.61,88.20,88.61,88.06,88.47,88.06,88.47,90.92,93.23,93.63,94.72,94.99,95.13,95.13,95.13,95.13,95.13,94.99,94.86,95.13,95.13,94.99,94.72,94.99,94.58,94.45,94.31,92.68,92.95,93.64,93.09,92.83,92.00,92.30,90.92,91.47,88.22,89.72,88.08,89.99,,86.70,75.09,56.97,59.99,57.88,58.83,58.79,56.87,56.60,57.27,55.17,58.30,55.44,56.60,56.32,51.53,51.80,49.35,50.62
MK139293.1|AAV_isolate_CHC2731_AAV.FL.linear,90.48,90.61,90.34,90.20,90.48,90.61,90.48,90.48,90.48,90.20,90.61,90.75,90.48,90.75,90.75,91.02,90.88,90.88,90.88,90.88,91.16,91.16,90.34,90.34,90.20,90.48,90.34,90.07,90.48,89.66,90.48,90.61,90.07,88.84,89.25,89.25,90.61,90.75,90.88,90.88,90.88,90.88,90.88,90.88,90.75,90.88,90.88,90.75,91.02,90.61,90.61,91.02,91.29,89.80,90.61,90.35,89.25,89.00,88.57,89.01,92.52,90.76,91.73,89.28,85.46,89.96,86.70,,81.80,56.09,58.58,55.81,58.70,57.87,56.13,55.87,56.27,55.10,57.69,53.89,55.93,55.51,51.32,51.85,49.13,49.87
J01901.1|AAV_2,86.49,86.68,87.05,86.87,87.05,87.24,87.24,87.24,87.05,86.87,87.80,87.99,87.99,88.18,87.99,88.37,88.37,88.37,88.37,88.56,88.37,88.93,87.99,87.80,87.80,88.18,87.43,87.43,87.24,87.43,87.62,88.18,86.30,83.11,80.30,80.68,78.42,78.24,78.42,78.42,78.42,78.42,78.42,78.61,78.61,78.42,78.42,78.42,78.80,78.61,78.99,78.80,79.36,78.05,78.99,78.61,79.92,76.04,79.55,79.58,83.69,80.88,83.50,79.75,78.09,81.64,75.09,81.80,,50.18,50.64,50.64,56.51,54.23,52.33,52.33,52.51,51.96,54.63,53.69,51.02,50.46,50.74,50.56,48.99,50.00
MN242367.1|AAV_isolate_MgAAV2,57.83,57.97,58.10,58.10,58.23,58.10,57.97,57.97,58.23,58.10,58.37,58.37,58.37,58.10,58.23,58.23,58.23,58.23,58.23,58.23,58.23,58.23,58.50,58.23,58.50,58.37,58.50,58.50,58.23,57.97,58.10,57.97,57.56,57.43,57.97,57.97,58.10,57.97,58.10,58.10,58.10,58.10,58.10,58.10,58.10,58.10,58.23,58.23,58.10,58.10,58.23,58.10,57.83,58.37,57.97,57.57,58.23,57.09,58.90,57.86,57.70,57.17,57.32,57.32,59.22,56.78,56.97,56.09,50.18,,70.33,72.09,54.81,57.85,53.10,53.23,53.10,51.57,54.56,53.21,51.47,51.46,50.72,50.85,46.41,47.96
U89790.1|AAV_4,59.79,59.92,59.92,60.05,60.05,60.05,59.92,59.92,60.05,59.92,60.05,60.05,59.92,60.19,60.05,60.05,59.92,59.92,59.92,59.92,60.05,59.79,60.05,59.92,59.92,59.92,60.32,60.19,60.05,60.32,60.19,59.52,59.79,59.38,59.92,59.92,60.59,60.59,60.59,60.59,60.59,60.59,60.59,60.59,60.59,60.59,60.72,60.59,60.59,60.99,60.46,60.72,60.46,60.59,60.46,59.93,60.05,59.31,62.47,60.22,60.33,59.93,59.81,60.08,62.06,58.87,59.99,58.58,50.64,70.33,,76.69,53.26,55.03,53.55,53.29,53.03,50.85,55.80,50.67,51.13,51.39,50.46,50.33,47.94,47.90
AY388617.1|Bovine_AAV,58.34,58.48,58.48,58.48,58.34,58.34,58.21,58.21,58.34,58.48,58.34,58.34,58.21,58.48,58.34,58.34,58.21,58.21,58.21,58.21,58.48,58.08,58.21,58.08,58.34,58.08,58.48,58.34,58.21,58.21,58.61,57.94,58.08,57.54,58.08,58.21,58.48,58.61,58.61,58.61,58.61,58.61,58.61,58.61,58.61,58.61,58.61,58.61,58.61,58.74,58.48,58.74,58.21,58.21,58.61,57.95,58.21,57.34,59.95,58.37,58.48,57.56,57.97,57.83,59.15,57.43,57.88,55.81,50.64,72.09,76.69,,54.46,56.35,52.63,52.89,52.37,50.85,55.01,50.73,52.86,53.51,50.33,50.46,45.76,48.23
MF682926.1|Rhinolophus_pusillus_AAV_1_strain_Rp-BtAAV1_34C_MJ_YN_2012,59.16,59.30,59.30,59.30,59.16,59.30,59.30,59.30,59.16,59.16,59.43,59.43,59.43,59.57,59.30,59.57,59.57,59.57,59.57,59.57,59.57,59.57,59.43,59.57,59.57,59.57,59.43,59.43,59.43,59.43,59.43,59.30,59.70,58.76,59.97,59.84,59.57,59.57,59.70,59.70,59.70,59.70,59.70,59.57,59.57,59.70,59.70,59.43,59.57,59.57,59.57,59.57,59.30,60.11,59.57,59.31,59.84,58.96,60.32,59.27,59.57,58.77,58.92,59.32,59.62,58.64,58.83,58.70,56.51,54.81,53.26,54.46,,66.31,54.86,54.73,55.13,52.58,56.37,54.12,55.31,55.03,53.73,54.00,47.09,50.67
NC_014468.1|Bat_AAV_YNM,60.05,60.19,59.92,59.92,60.19,60.19,60.05,60.05,60.19,59.92,60.19,60.19,60.19,60.19,59.79,60.05,60.05,60.05,60.05,60.05,60.05,59.92,60.19,60.05,60.19,60.05,60.19,60.19,59.92,59.92,59.92,59.79,60.19,59.39,60.19,60.45,60.05,60.05,60.19,60.19,60.19,60.19,60.19,60.05,60.05,60.19,60.19,60.05,60.05,60.05,60.32,60.05,59.79,60.05,60.19,59.79,60.05,59.05,60.27,60.29,59.66,58.73,59.68,58.88,59.71,58.75,58.79,57.87,54.23,57.85,55.03,56.35,66.31,,52.96,53.23,53.23,52.11,55.91,55.03,55.32,54.90,52.60,53.00,47.59,51.52
KF937794.1|Avian_AAV_isolate_ZN1,56.53,56.67,56.80,56.80,56.80,56.80,56.80,56.80,56.80,56.53,56.67,56.67,56.67,56.80,56.67,56.80,56.80,56.80,56.80,56.80,56.80,56.67,56.53,56.53,56.67,56.67,56.80,56.80,56.53,57.03,56.80,56.40,56.80,56.40,56.93,57.20,57.60,57.60,57.60,57.60,57.60,57.60,57.60,57.73,57.60,57.60,57.60,57.87,57.73,57.73,57.47,57.73,57.73,57.60,58.13,57.21,57.33,56.33,58.13,57.36,57.61,56.55,57.09,55.76,57.52,56.02,56.87,56.13,52.33,53.10,53.55,52.63,54.86,52.96,,97.02,95.53,88.29,61.12,50.86,53.42,53.56,54.74,55.67,51.13,48.54
AY629583.1|Avian_AAV_strain_DA-1,56.67,56.80,56.93,56.93,56.93,56.93,56.93,56.93,56.93,56.67,56.80,56.80,56.80,56.93,56.80,56.93,56.93,56.93,56.93,56.93,56.93,56.67,56.67,56.67,56.80,56.80,56.93,56.93,56.67,57.16,56.93,56.53,56.93,56.53,56.93,57.20,57.33,57.33,57.33,57.33,57.33,57.33,57.33,57.47,57.33,57.33,57.33,57.60,57.47,57.47,57.20,57.47,57.47,57.20,57.73,56.94,57.33,56.06,57.73,56.96,57.21,56.41,56.82,55.89,57.66,55.76,56.60,55.87,52.33,53.23,53.29,52.89,54.73,53.23,97.02,,95.39,89.91,60.72,51.26,53.42,53.83,55.14,56.21,51.26,49.34
GQ368252.1|Avian_AAV_isolate_YZ-1,56.93,57.07,57.07,57.07,57.20,57.20,57.20,57.20,57.20,56.93,57.07,57.07,57.07,57.20,56.93,57.07,57.07,57.07,57.07,57.07,57.07,56.93,56.93,56.93,57.07,56.93,57.20,57.20,56.93,57.43,57.20,56.67,57.73,56.80,57.60,57.87,57.87,58.13,58.13,58.13,58.13,58.13,58.13,58.00,57.87,58.13,58.13,58.13,58.00,58.00,58.00,58.00,58.13,58.00,58.27,57.47,57.73,56.73,58.13,57.36,57.61,56.95,57.36,55.89,57.79,56.56,57.27,56.27,52.51,53.10,53.03,52.37,55.13,53.23,95.53,95.39,,88.29,61.12,50.99,53.15,53.29,54.47,55.67,50.73,48.81
AY629582.1|Avian_AAV_ATCC_VR-865,55.50,55.63,55.76,55.76,55.76,55.76,55.76,55.76,55.76,55.50,55.76,55.76,55.76,55.76,55.63,55.76,55.76,55.76,55.76,55.76,55.76,55.50,55.63,55.50,55.50,55.76,55.89,55.89,55.50,56.12,55.76,55.36,56.03,55.10,55.76,56.03,55.89,56.16,56.16,56.16,56.16,56.16,56.16,56.03,55.89,56.16,56.16,56.16,56.03,56.03,56.03,56.03,56.03,55.89,56.29,55.50,56.16,54.90,56.29,55.53,56.03,54.98,55.92,54.46,55.69,54.46,55.17,55.10,51.96,51.57,50.85,50.85,52.58,52.11,88.29,89.91,88.29,,57.67,49.80,52.47,51.94,53.92,54.45,50.40,47.56
KX583629.1|AAV_isolate_MHH-05-2015,59.42,59.55,59.28,59.28,59.55,59.55,59.42,59.42,59.55,59.28,59.68,59.68,59.68,59.81,59.42,59.55,59.55,59.55,59.55,59.55,59.42,59.55,59.55,59.68,59.81,59.42,59.55,59.55,59.68,59.71,59.81,59.42,59.15,59.02,59.28,59.55,59.02,58.89,58.89,58.89,58.89,58.89,58.89,59.02,58.89,58.89,58.89,59.15,59.15,58.89,58.75,58.89,58.62,58.89,58.62,58.63,59.02,58.23,59.81,58.25,58.36,58.23,57.72,58.11,58.54,57.58,58.30,57.69,54.63,54.56,55.80,55.01,56.37,55.91,61.12,60.72,61.12,57.67,,52.45,56.25,57.03,55.07,56.65,49.07,49.47
MN242366.1|AAV_isolate_MgAAV1,56.30,56.43,56.43,56.43,56.57,56.57,56.43,56.43,56.57,56.17,56.70,56.84,56.70,56.70,56.70,56.84,56.84,56.84,56.84,56.84,56.84,56.84,56.97,56.57,56.70,56.84,56.70,56.57,56.57,56.43,56.43,56.57,56.43,56.17,56.70,56.57,56.30,56.17,56.17,56.17,56.17,56.17,56.17,56.30,56.30,56.17,56.30,56.17,56.30,56.17,56.30,56.17,56.17,56.03,56.17,55.64,56.17,55.56,56.43,56.19,56.04,55.37,55.39,55.52,55.42,55.79,55.44,53.89,53.69,53.21,50.67,50.73,54.12,55.03,50.86,51.26,50.99,49.80,52.45,,51.54,51.67,48.09,48.48,46.04,47.54
NC_006152.1|AAV_5,57.34,57.47,57.47,57.47,57.60,57.60,57.47,57.47,57.60,57.34,57.60,57.60,57.74,57.74,57.34,57.60,57.60,57.60,57.60,57.74,57.60,57.47,57.74,57.74,57.74,57.74,57.60,57.74,57.74,57.84,57.60,57.20,57.07,56.66,57.20,57.47,57.20,57.34,57.34,57.34,57.34,57.34,57.34,57.34,57.34,57.34,57.34,57.20,57.34,57.34,57.20,57.34,57.34,57.20,56.93,57.07,56.93,56.46,57.95,57.17,57.21,56.41,55.74,56.82,57.80,55.61,56.60,55.93,51.02,51.47,51.13,52.86,55.31,55.32,53.42,53.42,53.15,52.47,56.25,51.54,,93.94,51.14,52.21,46.90,48.19
DQ335246.2|AAV-Go.1,56.78,56.91,56.78,56.78,56.91,56.91,56.78,56.78,56.91,56.64,56.91,56.91,57.05,57.05,56.64,56.91,56.91,56.91,56.91,57.05,56.91,56.91,57.05,56.78,56.91,57.05,56.91,57.05,56.78,57.14,56.91,56.64,56.38,56.38,57.05,57.32,57.05,57.18,57.18,57.18,57.18,57.18,57.18,57.18,57.18,57.18,57.18,57.05,57.05,57.18,56.91,57.18,56.78,56.78,56.78,56.92,56.64,56.44,57.80,56.89,56.78,55.99,55.33,56.67,57.51,55.19,56.32,55.51,50.46,51.46,51.39,53.51,55.03,54.90,53.56,53.83,53.29,51.94,57.03,51.67,93.94,,51.14,52.48,46.77,48.26
NC_006147.2|Muscovy_duck_parvovirus,52.25,52.38,52.78,52.78,52.51,52.51,52.51,52.51,52.65,52.51,52.51,52.51,52.51,52.65,52.51,52.65,52.65,52.65,52.65,52.51,52.51,52.38,52.38,52.51,52.51,52.51,52.51,52.51,52.38,52.99,52.78,52.38,52.78,52.38,52.38,52.38,52.25,52.12,52.12,52.12,52.12,52.12,52.12,52.25,52.38,52.25,52.12,52.12,52.25,52.38,52.12,52.38,51.85,52.12,52.51,52.12,52.25,51.26,53.64,52.08,52.12,52.13,51.88,52.14,53.37,51.21,51.53,51.32,50.74,50.72,50.46,50.33,53.73,52.60,54.74,55.14,54.47,53.92,55.07,48.09,51.14,51.14,,87.57,51.20,50.13
NC_001701.1|Goose_parvovirus,52.51,52.65,52.78,52.78,52.78,52.78,52.78,52.78,52.78,52.78,52.65,52.65,52.65,52.78,52.38,52.51,52.51,52.51,52.51,52.51,52.51,52.38,52.65,52.78,52.65,52.38,52.78,52.78,52.65,53.25,52.65,52.25,52.78,52.65,52.65,52.65,52.51,52.38,52.38,52.38,52.38,52.38,52.38,52.51,52.65,52.38,52.38,52.65,52.51,52.65,52.12,52.65,52.12,52.38,52.65,52.39,52.51,51.39,53.77,52.48,52.25,51.86,51.48,52.67,53.50,51.21,51.80,51.85,50.56,50.85,50.33,50.46,54.00,53.00,55.67,56.21,55.67,54.45,56.65,48.48,52.21,52.48,87.57,,50.80,50.66
MN175614.1|Avian_AAV_isolate_BR_DF12,50.74,50.87,51.01,51.14,51.01,51.01,50.87,50.87,51.01,51.14,51.01,51.01,51.14,51.01,50.87,51.01,51.01,51.01,51.01,50.87,50.87,50.87,51.14,50.74,50.87,51.01,51.14,51.01,50.74,51.14,50.74,50.47,50.74,50.34,50.34,50.74,50.20,50.20,50.20,50.20,50.20,50.20,50.20,50.34,50.34,50.20,50.34,50.34,50.20,50.47,50.34,50.47,50.34,50.47,50.87,50.07,50.47,49.07,50.94,50.57,50.34,49.95,50.23,50.49,51.34,49.42,49.35,49.13,48.99,46.41,47.94,45.76,47.09,47.59,51.13,51.26,50.73,50.40,49.07,46.04,46.90,46.77,51.20,50.80,,48.32
NC_006148.1|Snake_parvovirus_1,51.73,51.86,51.60,51.60,51.73,51.73,51.73,51.73,51.60,51.46,51.46,51.60,51.46,51.60,51.46,51.60,51.60,51.60,51.60,51.73,51.73,51.60,51.73,51.73,51.60,51.60,51.73,51.60,51.73,51.94,51.60,51.33,51.20,51.46,51.46,51.46,51.73,51.60,51.60,51.60,51.60,51.60,51.60,51.73,51.73,51.46,51.60,51.60,51.73,51.73,51.60,51.73,51.46,51.46,51.60,51.34,51.33,50.94,51.93,51.03,51.34,51.21,50.69,50.82,52.32,50.29,50.62,49.87,50.00,47.96,47.90,48.23,50.67,51.52,48.54,49.34,48.81,47.56,49.47,47.54,48.19,48.26,50.13,50.66,48.32,
