"orf","sample","coverage","D01","D02","D03","D04","D05","D06","T00","T01","T02","T03","T04"
"R02D04_2019.04.08_nextseq_run_VL46-0475_multiplex_run1|NODE_1_length_3914_cov_4159.214045_896_5_1|TTV_Clade5","R02","4159.214045",NA,NA,NA,0.365785185,NA,NA,NA,NA,0.548348307,0.801998378,NA
"R04D01_2019.04.10_nextseq_run_VL46-0475_multiplex_set_B|NODE_17_length_2938_cov_3457.122095_344_5_1|TTV_Clade5","R04","3457.122095",0.178962213121088,0.00013362048637857,NA,NA,NA,NA,NA,NA,1.15314872062954e-05,NA,0.000440211616012555
"R04D01_2019.04.10_nextseq_run_VL46-0475_multiplex_set_B|NODE_21_length_2915_cov_6.403147_500_2_1|TLMV","R04","6.403147",0.000328413569275945,NA,NA,NA,NA,NA,NA,6.15330007960427e-06,NA,2.09830011461964e-06,1.28633264419253e-05
"R04D01_2019.04.10_nextseq_run_VL46-0475_multiplex_set_B|NODE_30_length_2834_cov_10.970853_339_6_1|TLMV","R04","10.970853",0.000531257244416969,NA,NA,NA,NA,NA,NA,NA,NA,NA,2.14388774032088e-06
"R04D01_VL46-0475-05292019|NODE_10_length_2970_cov_38.517667_275_2_1|TLMV","R04","38.517667",0.000531257244416969,NA,NA,NA,NA,NA,NA,NA,NA,5.24575028654911e-06,NA
"R04D01_VL46-0475-05292019|NODE_15_length_2925_cov_15.126132_184_1_1|TLMV","R04","15.126132",0.000200911830615872,NA,NA,NA,NA,NA,NA,0.000596222391923761,NA,0.00108691945937298,0.00429349251461595
"R04D01_VL46-0475-05292019|NODE_16_length_2918_cov_101.720922_503_2_1|TLMV","R04","101.720922",0.00118422069391855,NA,NA,NA,NA,NA,NA,5.73228481099977e-05,NA,NA,5.43118227547957e-05
"R04D01_VL46-0475-05292019|NODE_19_length_2915_cov_53.106993_329_5_1|TLMV","R04","53.106993",0.000681941117378873,NA,NA,NA,NA,NA,NA,0.0002574670296466,NA,NA,NA
"R04D01_VL46-0475-05292019|NODE_20_length_2906_cov_5.117503_299_5_1|TTV_Clade9","R04","5.117503",7.14782474306468e-05,NA,NA,NA,NA,NA,NA,NA,NA,NA,2.14388774032088e-06
"R04D01_VL46-0475-05292019|NODE_26_length_2882_cov_57.784224_637_4_1|TLMV","R04","57.784224",0.000685804806429179,NA,NA,NA,NA,NA,NA,2.42893424194905e-05,NA,NA,NA
"R04D01_VL46-0475-05292019|NODE_28_length_2871_cov_5.142756_349_1_1|TTV_Clade3","R04","5.142756",6.37508693300363e-05,3.14401144420166e-05,NA,NA,NA,NA,NA,0.0741913106334855,NA,NA,NA
"R04D01_VL46-0475-05292019|NODE_29_length_2865_cov_48.099288_336_6_1|TLMV","R04","48.099288",0.000612394714473379,NA,NA,NA,NA,NA,NA,0.00018071270760101,NA,NA,NA
"R04D01_VL46-0475-05292019|NODE_32_length_2838_cov_27.464247_489_3_1|TLMV","R04","27.464247",0.000278185611621977,NA,NA,NA,NA,NA,NA,0.000279165508874678,NA,NA,NA
"R04D01_VL46-0475-05292019|NODE_35_length_2802_cov_4.147070_290_5_1|TLMV","R04","4.147070",5.0227957653968e-05,NA,NA,NA,NA,NA,NA,0.000104929959252199,NA,NA,0.00227323563398691
"R04D01_VL46-0475-05292019|NODE_38_length_2742_cov_8.182360_384_3_1|TLMV","R04","8.182360",8.88648481570203e-05,NA,NA,NA,NA,NA,NA,1.39258896538412e-05,NA,0.000107537880874257,3.57314623386814e-06
"R04D01_VL46-0475-05292019|NODE_41_length_2690_cov_37.840987_341_5_1|TLMV","R04","37.840987",0.000432733173634186,NA,NA,NA,NA,NA,NA,3.56243688819195e-05,NA,NA,NA
"R04D01_VL46-0475-05292019|NODE_42_length_2671_cov_64.441514_341_5_1|TLMV","R04","64.441514",0.00074569198670891,NA,NA,NA,NA,NA,NA,2.59086319141232e-06,NA,NA,4.57362717935122e-05
"R04D01_VL46-0475-05292019|NODE_44_length_2647_cov_43.317130_247_1_1|TLMV","R04","43.317130",0.000504211421064833,NA,NA,NA,NA,NA,NA,0.000135696459650221,NA,NA,0.000427348289570629
"R04D01_VL46-0475-05292019|NODE_45_length_2627_cov_110.890747_249_3_1|TLMV","R04","110.890747",0.00127501738660073,NA,NA,NA,NA,NA,NA,0.000160633517867564,NA,NA,NA
"R04D01_VL46-0475-05292019|NODE_47_length_2609_cov_52.361394_244_1_1|TLMV","R04","52.361394",0.000581485202070937,NA,NA,NA,NA,NA,6.82295788870391e-06,NA,NA,0.000158421658653783,0.00123416470917805
"R04D01_VL46-0475-05292019|NODE_5_length_3060_cov_41.358735_432_6_1|TLMV","R04","41.358735",0.000506143265589985,NA,NA,NA,NA,NA,NA,0.000970278265183916,NA,NA,NA
"R04D01_VL46-0475-05292019|NODE_50_length_2491_cov_33.119048_263_2_1|TLMV","R04","33.119048",0.000384437060505371,NA,NA,NA,NA,NA,NA,5.60274165142915e-05,NA,1.57372508596473e-06,NA
"R04D01_VL46-0475-05292019|NODE_9_length_2980_cov_25562.162051_381_3_1|TTV_Clade5","R04","25562.162051",0.484518197975427,NA,NA,NA,NA,NA,NA,2.72040635098294e-05,8.64861540472157e-05,0.000510411502881228,0.000933305796286358
"R04D01-TTVRCA_S5_2019.01.25_iseq_run_VL46-0348_R04T00-R04D02|NODE_10_length_2944_cov_11.372101_390_6_1|TLMV","R04","11.372101",0.00458426705818716,NA,NA,NA,NA,NA,NA,0.000235768550418522,NA,NA,NA
"R04D01-TTVRCA_S5_2019.01.25_iseq_run_VL46-0348_R04T00-R04D02|NODE_12_length_2927_cov_4.710306_398_5_1|TLMV","R04","4.710306",0.00192604899157716,NA,NA,NA,NA,NA,NA,0.000313170588261965,NA,NA,NA
"R04D01-TTVRCA_S5_2019.01.25_iseq_run_VL46-0348_R04T00-R04D02|NODE_15_length_2869_cov_19.172353_339_6_1|TLMV","R04","19.172353",0.00713430183138861,NA,NA,NA,NA,NA,NA,0.000652573666336979,NA,NA,NA
"R04D01-TTVRCA_S5_2019.01.25_iseq_run_VL46-0348_R04T00-R04D02|NODE_16_length_2806_cov_69.043984_511_1_1|TLMV","R04","69.043984",0.0238949849316127,NA,NA,NA,NA,NA,NA,0.00241371292069951,NA,NA,NA
"R04D01-TTVRCA_S5_2019.01.25_iseq_run_VL46-0348_R04T00-R04D02|NODE_18_length_2790_cov_11.485923_478_1_1|TLMV","R04","11.485923",0.00447028823120315,NA,NA,NA,NA,NA,NA,NA,0.00973449711664772,NA,0.00180300958960986
"R04D01-TTVRCA_S5_2019.01.25_iseq_run_VL46-0348_R04T00-R04D02|NODE_19_length_2628_cov_2.668480_131_5_1|TLMV","R04","2.668480",0.000875125569894135,NA,NA,NA,NA,NA,NA,2.59086319141232e-06,NA,NA,NA
"R04D01-TTVRCA_S5_2019.01.25_iseq_run_VL46-0348_R04T00-R04D02|NODE_3_length_5918_cov_112.752857_371_5_1|TLMV","R04","112.752857",0.0381249517038869,NA,NA,NA,NA,NA,NA,0.000399964505174278,0.00342773457207131,NA,NA
"R04D01-TTVRCA_S5_2019.01.25_iseq_run_VL46-0348_R04T00-R04D02|NODE_6_length_3692_cov_17.261754_748_4_1|TLMV","R04","17.261754",0.00786067537284599,NA,NA,NA,NA,NA,NA,NA,NA,NA,0.000701051291084929
"R04D01-TTVRCA_S5_2019.01.25_iseq_run_VL46-0348_R04T00-R04D02|NODE_7_length_3423_cov_143.549584_397_4_1|TLMV","R04","143.549584",0.0539989181670659,NA,NA,NA,NA,NA,NA,0.0196795490861702,0.000122041572933293,NA,NA
"R04D01-TTVRCA_S5_2019.01.25_iseq_run_VL46-0348_R04T00-R04D02|NODE_8_length_3078_cov_110.565002_409_1_1|TTV_Clade4","R04","110.565002",0.049632949540221,9.43203433260497e-05,NA,NA,NA,NA,NA,2.91472109033887e-06,NA,NA,NA
"R04D01-TTVRCA_S5_2019.01.25_iseq_run_VL46-0348_R04T00-R04D02|NODE_9_length_3029_cov_85.690316_336_3_1|TTV_Clade6","R04","85.690316",0.0335001159106715,NA,NA,NA,NA,NA,NA,0.0193041977813143,NA,1.04915005730982e-06,NA
"R04D02_2019.04.10_nextseq_run_VL46-0475_multiplex_set_B|NODE_16_length_2954_cov_219.124181_230_2_1|TLMV","R04","219.124181",NA,0.0411708298618207,NA,NA,NA,NA,NA,0.00135631688070435,NA,0.00765512339316112,NA
"R04D02_2019.04.10_nextseq_run_VL46-0475_multiplex_set_B|NODE_19_length_2774_cov_3.398308_409_1_1|TLMV","R04","3.398308",NA,0.000675962460503356,NA,NA,NA,NA,NA,3.9510663669038e-05,NA,NA,0.000303002800632018
"R04D02_VL46-0475-05292019|NODE_1_length_5740_cov_4.263852_429_6_1|TLMV","R04","4.263852",NA,0.000188640686652099,NA,NA,NA,NA,NA,4.53401058497157e-06,NA,0.00347688328992475,0.000239400797669165
"R04D02_VL46-0475-05292019|NODE_13_length_2982_cov_33.049880_379_1_1|TTV_Clade3","R04","33.049880",NA,0.00218508795372015,NA,NA,NA,NA,NA,0.00193084079340004,NA,NA,NA
"R04D02_VL46-0475-05292019|NODE_14_length_2967_cov_14.100618_559_1_1|TLMV","R04","14.100618",3.47732014527471e-05,0.000958923490481505,NA,NA,NA,NA,NA,0.000452753342699304,NA,NA,0.000140781961614405
"R04D02_VL46-0475-05292019|NODE_18_length_2916_cov_143.557148_574_1_1|TLMV","R04","143.557148",NA,0.00774212818134658,NA,NA,NA,NA,0.0146693594607134,0.000443037605731508,NA,0.00212400429102373,0.00574919229029383
"R04D02_VL46-0475-05292019|NODE_2_length_3790_cov_1232.870415_868_4_1|TTV_Clade3","R04","1232.870415",NA,0.0870419568327229,NA,NA,NA,NA,NA,0.116011728837668,NA,1.52126758309924e-05,4.28777548064177e-06
"R04D02_VL46-0475-05292019|NODE_22_length_2835_cov_5.793165_418_4_1|TLMV","R04","5.793165",NA,0.000471601716630249,NA,NA,NA,NA,NA,0.000554768580861164,NA,NA,NA
"R04D02_VL46-0475-05292019|NODE_31_length_2483_cov_12.184514_210_6_1|TTMV","R04","12.184514",NA,0.000896043261597472,NA,NA,NA,NA,NA,0.0010201523816186,0.176611453265285,0.124531488927533,0.010525059546482
"R04D02_VL46-0475-05292019|NODE_32_length_2385_cov_2.428755_26_2_1|TTV_Clade6","R04","2.428755",NA,0.000141480514989075,NA,NA,NA,NA,NA,0.0042622938077722,NA,NA,NA
"R04D02-TTVRCA_S6_2019.01.25_iseq_run_VL46-0348_R04T00-R04D02|NODE_10_length_3039_cov_64.641756_334_4_1|TTV_Clade5","R04","64.641756",NA,0.11988901639602,NA,NA,NA,NA,NA,NA,NA,4.51134524643223e-05,NA
"R04D02-TTVRCA_S6_2019.01.25_iseq_run_VL46-0348_R04T00-R04D02|NODE_15_length_2931_cov_30.754520_337_4_1|TTV_Clade3","R04","30.754520",0.000334209102851402,0.056969487368934,NA,NA,NA,NA,NA,0.000198201034143043,1.92191453438257e-06,NA,0.000700336661838155
"R04D02-TTVRCA_S6_2019.01.25_iseq_run_VL46-0348_R04T00-R04D02|NODE_16_length_2927_cov_20.155989_356_2_1|TTV_Clade5","R04","20.155989",NA,0.034081084055146,NA,NA,NA,NA,NA,0.000158366512575078,NA,0.00014530728293741,0.000115769937977328
"R04D02-TTVRCA_S6_2019.01.25_iseq_run_VL46-0348_R04T00-R04D02|NODE_2_length_3518_cov_41.939648_371_2_1|TTV_Clade3","R04","41.939648",NA,0.0786317262194834,NA,NA,NA,NA,NA,NA,0.00289632520331453,0.000935841851120361,0.000932591167039584
"R04D02-TTVRCA_S6_2019.01.25_iseq_run_VL46-0348_R04T00-R04D02|NODE_3_length_3406_cov_22.421665_319_1_1|TTV_Clade3","R04","22.421665",NA,0.0362032917799821,NA,NA,NA,NA,NA,0.0227960336475403,NA,1.46881008023375e-05,1.00048094548308e-05
"R04D02-TTVRCA_S6_2019.01.25_iseq_run_VL46-0348_R04T00-R04D02|NODE_4_length_3313_cov_8.451811_929_2_1|TTMV","R04","8.451811",NA,0.0128511467781743,NA,NA,NA,NA,NA,0.0014667524242383,NA,0.0156129265778561,0.0661675219587702
"R04D02-TTVRCA_S6_2019.01.25_iseq_run_VL46-0348_R04T00-R04D02|NODE_5_length_3297_cov_14.394201_472_4_1|TTV_Clade1","R04","14.394201",NA,0.0260559948438212,NA,NA,NA,NA,NA,0.00200468039435529,NA,NA,0.0112482643442169
"R04D02-TTVRCA_S6_2019.01.25_iseq_run_VL46-0348_R04T00-R04D02|NODE_6_length_3239_cov_58.611809_684_6_1|TTV_Clade3","R04","58.611809",NA,0.095868768962319,NA,NA,NA,NA,NA,0.0119911625656541,NA,NA,NA
"R04D02-TTVRCA_S6_2019.01.25_iseq_run_VL46-0348_R04T00-R04D02|NODE_7_length_3239_cov_51.379397_324_6_1|TTV_Clade3","R04","51.379397",NA,0.0960967097920236,NA,NA,NA,NA,NA,0.0907537274424877,NA,1.57372508596473e-06,NA
"R04D02-TTVRCA_S6_2019.01.25_iseq_run_VL46-0348_R04T00-R04D02|NODE_9_length_3081_cov_15.848645_335_5_1|TTV_Clade4","R04","15.848645",0.000218298431342246,0.0330357002499489,NA,NA,NA,NA,NA,0.000191076160366659,NA,NA,NA
"R05D01_2019.04.08_nextseq_run_VL46-0475_multiplex_run1|NODE_2_length_3062_cov_385.677752_304_4_1|TTV_Clade6","R05","385.677752",0.421738979641383,NA,NA,NA,NA,NA,NA,NA,0.0187804935697144,NA,NA
"R05D04_2019.04.08_nextseq_run_VL46-0475_multiplex_run1|NODE_2_length_3552_cov_240.207035_878_5_1|TTV_Clade5","R05","240.207035",NA,NA,NA,0.820469973890339,NA,NA,0.00100888018943909,NA,NA,0.00340636856259808,0.0103146196504717
"R05D04_2019.04.08_nextseq_run_VL46-0475_multiplex_run1|NODE_3_length_3485_cov_46.852770_373_1_1|TTV_Clade3","R05","46.852770",NA,NA,NA,0.151749347258486,NA,1.46901768256585e-06,NA,NA,0.000123539847936336,2.64566543390548e-05,NA
"R05D05_2019.04.08_nextseq_run_VL46-0475_multiplex_run1|NODE_1_length_3155_cov_9115.565484_464_5_1|TTV_Clade7","R05","9115.565484",NA,NA,NA,NA,0.742945182812026,NA,NA,0.26610652857469,2.19301505212431e-06,NA,NA
"R05D05_2019.04.08_nextseq_run_VL46-0475_multiplex_run1|NODE_2_length_3150_cov_3042.210016_463_4_1|TTV_Clade5","R05","3042.210016",NA,NA,NA,NA,0.253105732569102,0.00371955277225672,NA,NA,0.0695724278552873,NA,NA
"R05D06_2019.04.08_nextseq_run_VL46-0475_multiplex_run1|NODE_32_length_2616_cov_56.931277_431_5_1|TLMV","R05","56.931277",NA,NA,NA,NA,NA,0.000669872063250025,NA,NA,0.00109796953609691,3.00238436881408e-05,NA
"R05D06_2019.04.08_nextseq_run_VL46-0475_multiplex_run1|NODE_34_length_2553_cov_1246.543635_282_3_1|TTMV","R05","1246.543635",NA,NA,NA,NA,NA,0.0164015824258477,NA,NA,0.125070572442719,NA,NA
"R05D06_2019.04.08_nextseq_run_VL46-0475_multiplex_run1|NODE_38_length_2499_cov_6523.196399_257_2_1|TTMV","R05","6523.196399",NA,NA,NA,NA,NA,0.0606611265113131,NA,NA,0.000817019941085869,0.013704992846299,NA
"R05D06_2019.04.08_nextseq_run_VL46-0475_multiplex_run1|NODE_39_length_2498_cov_4538.726156_205_4_1|TTMV","R05","4538.726156",NA,NA,NA,NA,NA,0.0546293399066978,NA,NA,0.0611010543772702,0.0599219439517264,NA
"R05D06_VL46-0475-05292019|NODE_1_length_8422_cov_559.667742_271_1_1|TLMV","R05","559.667742",NA,NA,NA,NA,NA,0.00305751546998038,NA,NA,NA,NA,5.05402001723338e-05
"R05D06_VL46-0475-05292019|NODE_10_length_3011_cov_369.873139_571_1_1|TLMV","R05","369.873139",NA,NA,NA,NA,NA,0.00235483534515305,NA,NA,NA,0.000456154338014378,0.000155210887960938
"R05D06_VL46-0475-05292019|NODE_11_length_3001_cov_209.741005_388_4_1|TTV_Clade5","R05","209.741005",NA,NA,NA,NA,NA,0.00144698241732736,NA,NA,0.00364600935832623,NA,NA
"R05D06_VL46-0475-05292019|NODE_12_length_2993_cov_255.557182_541_1_1|TLMV","R05","255.557182",NA,NA,NA,NA,NA,0.00152435068194249,NA,NA,7.43188434331017e-05,NA,NA
"R05D06_VL46-0475-05292019|NODE_13_length_2964_cov_42.279821_690_6_1|TLMV","R05","42.279821",NA,NA,NA,NA,NA,0.000256098749327312,NA,NA,0.00015984643046595,0.00155945627710878,NA
"R05D06_VL46-0475-05292019|NODE_14_length_2962_cov_68.930513_575_2_1|TLMV","R05","68.930513",NA,NA,NA,NA,NA,0.000392717393805936,NA,NA,0.000172029847422196,NA,NA
"R05D06_VL46-0475-05292019|NODE_15_length_2955_cov_57.094483_585_3_1|TLMV","R05","57.094483",NA,NA,NA,NA,NA,0.000353053916376658,NA,NA,NA,NA,0.00110912264421908
"R05D06_VL46-0475-05292019|NODE_18_length_2926_cov_195.617207_267_3_1|TLMV","R05","195.617207",NA,NA,NA,NA,NA,0.00117815218141781,NA,NA,0.00280340424163225,NA,NA
"R05D06_VL46-0475-05292019|NODE_19_length_2914_cov_86.052816_328_4_1|TLMV","R05","86.052816",NA,NA,NA,NA,NA,0.000464209587690807,NA,NA,0.000222956530299305,0.00160924829510644,0.00575467842071541
"R05D06_VL46-0475-05292019|NODE_2_length_5904_cov_48.283467_571_1_1|TLMV","R05","48.283467",NA,NA,NA,NA,NA,0.000261974820057576,3.25145549082579e-06,NA,0.000252440399333421,NA,6.2691942290272e-05
"R05D06_VL46-0475-05292019|NODE_22_length_2854_cov_402.382637_334_4_1|TLMV","R05","402.382637",NA,NA,NA,NA,NA,0.00223143785981752,NA,NA,9.64926622934698e-05,0.000387931841713107,NA
"R05D06_VL46-0475-05292019|NODE_23_length_2849_cov_307.713672_184_1_1|TLMV","R05","307.713672",NA,NA,NA,NA,NA,0.00191853709343099,NA,NA,0.00209847173654384,0.000351070885105885,NA
"R05D06_VL46-0475-05292019|NODE_24_length_2846_cov_260.977069_635_5_1|TLMV","R05","260.977069",NA,NA,NA,NA,NA,0.00169426706055927,NA,NA,7.79738685199756e-06,NA,NA
"R05D06_VL46-0475-05292019|NODE_25_length_2834_cov_6.994602_374_2_1|TLMV","R05","6.994602",NA,NA,NA,NA,NA,4.01531499901331e-05,NA,NA,0.0150548046644943,0.00157521136340058,NA
"R05D06_VL46-0475-05292019|NODE_26_length_2803_cov_57.723071_318_6_1|TLMV","R05","57.723071",NA,NA,NA,NA,NA,0.00033101865113817,NA,NA,0.000321398539305774,0.000939805760594627,NA
"R05D06_VL46-0475-05292019|NODE_27_length_2797_cov_259.733771_314_5_1|TLMV","R05","259.733771",NA,NA,NA,NA,NA,0.00167859753861191,NA,NA,8.84516071023473e-05,0.00149093651502842,NA
"R05D06_VL46-0475-05292019|NODE_29_length_2790_cov_141.363437_313_4_1|TLMV","R05","141.363437",NA,NA,NA,NA,NA,0.000240918899940799,NA,NA,NA,0.000502379166662951,0.000385541636287311
"R05D06_VL46-0475-05292019|NODE_3_length_3883_cov_22290.872780_895_4_1|TTV_Clade5","R05","22290.872780",NA,NA,NA,NA,0.00394908461887162,0.20080247539273,NA,NA,0.0105610731543524,NA,NA
"R05D06_VL46-0475-05292019|NODE_30_length_2739_cov_77.002981_423_3_1|TLMV","R05","77.002981",NA,NA,NA,NA,NA,0.000485755180368439,NA,NA,0.0182100659878229,0.0090887525628026,NA
"R05D06_VL46-0475-05292019|NODE_31_length_2641_cov_37.344161_247_1_1|TLMV","R05","37.344161",NA,NA,NA,NA,NA,0.000219373307263166,NA,NA,0.000248298037568297,NA,2.43034842358764e-05
"R05D06_VL46-0475-05292019|NODE_33_length_2530_cov_15783.251313_270_3_1|TTMV","R05","15783.251313",NA,NA,NA,NA,NA,0.111907318695062,9.75436647247736e-06,2.735194642591e-05,0.00103485943626355,0.0486051843746405,0.0306491792050551
"R05D06_VL46-0475-05292019|NODE_34_length_2522_cov_1061.274828_313_4_1|TLMV","R05","1061.274828",NA,NA,NA,NA,NA,0.00610964454179135,NA,NA,NA,2.97265779090503e-06,NA
"R05D06_VL46-0475-05292019|NODE_35_length_2510_cov_2232.182077_262_1_1|TTMV","R05","2232.182077",NA,NA,NA,NA,NA,0.0150701627328821,NA,NA,0.00373299895539383,NA,NA
"R05D06_VL46-0475-05292019|NODE_36_length_2510_cov_171.608961_221_2_1|TTMV","R05","171.608961",NA,NA,NA,NA,NA,0.000985710865001682,NA,NA,0.000207118088256185,NA,NA
"R05D06_VL46-0475-05292019|NODE_39_length_2480_cov_9174.545567_205_4_1|TTMV","R05","9174.545567",NA,NA,NA,NA,NA,0.0624709562962343,NA,NA,1.94934671299939e-06,2.08086045363352e-06,0.00140960208568083
"R05D06_VL46-0475-05292019|NODE_4_length_3520_cov_2575.470418_356_2_1|TTV_Clade5","R05","2575.470418",NA,NA,NA,NA,NA,0.0121399621287241,NA,0.0266095364514924,0.00350151403322515,0.00820498140156653,0.0262242880183823
"R05D06_VL46-0475-05292019|NODE_6_length_3181_cov_171.622841_498_3_1|TLMV","R05","171.622841",NA,NA,NA,NA,NA,0.00106161011193425,NA,NA,0.00153974023493039,NA,1.10470382890347e-06
"R05D06_VL46-0475-05292019|NODE_7_length_3166_cov_733.141434_365_2_1|TTV_Clade5","R05","733.141434",NA,NA,NA,NA,NA,0.00546670446938836,NA,NA,0.0251490092810834,0.108907925789382,0.00790139413623208
"R05D06_VL46-0475-05292019|NODE_8_length_3155_cov_2097.380000_624_3_1|TTV_Clade9","R05","2097.380000",NA,NA,NA,NA,NA,0.00736810302318942,NA,NA,0.0149385748667317,NA,0.0347857426923842
"R05D06_VL46-0475-05292019|NODE_9_length_3133_cov_45.125081_560_2_1|TTV_Clade3","R05","45.125081",NA,NA,NA,NA,NA,0.000323673562725341,NA,NA,0.00129119852902297,0.00786758474229881,NA
"R06D01_2019.04.10_nextseq_run_VL46-0475_multiplex_set_B|NODE_1_length_3523_cov_4.192618_516_3_1|TTV_Clade3","R06","4.192618",0.345029239766082,NA,NA,NA,NA,NA,NA,0.622413851869525,NA,NA,NA
"R06D02_S2_20190311-VL46_0423-iSeq-Transfusion_1.0_R06|NODE_2_length_3527_cov_48.588710_859_4_1|TTV_Clade7","R06","48.588710",NA,0.333410058694902,NA,NA,NA,NA,NA,NA,NA,NA,1
"R07D01_2019.04.10_nextseq_run_VL46-0475_multiplex_set_B|NODE_2_length_3033_cov_129.020148_376_1_1|TTV_Clade5","R07","129.020148",0.00222241248562832,NA,0.000738428055084142,NA,NA,NA,NA,NA,0.00278421338920563,NA,NA
"R07D01_2019.04.10_nextseq_run_VL46-0475_multiplex_set_B|NODE_3_length_2919_cov_90.749302_877_4_1|TLMV","R07","90.749302",0.00133136818415323,NA,NA,NA,NA,NA,NA,0.0616670509359529,7.2526542700002e-05,NA,NA
"R07D01_2019.04.10_nextseq_run_VL46-0475_multiplex_set_B|NODE_5_length_2890_cov_4647.058554_536_2_1|TLMV","R07","4647.058554",0.0680514445069596,NA,NA,NA,NA,NA,NA,NA,0.000156245453100622,NA,NA
"R07D01_2019.04.10_nextseq_run_VL46-0475_multiplex_set_B|NODE_6_length_2876_cov_6.341014_507_3_1|TLMV","R07","6.341014",9.29572641209423e-05,NA,NA,NA,NA,NA,NA,NA,NA,0.00328382104219685,NA
"R07D01_2019.04.10_nextseq_run_VL46-0475_multiplex_set_B|NODE_8_length_2863_cov_184.399217_206_2_1|TLMV","R07","184.399217",0.00268291787959588,NA,NA,NA,NA,NA,NA,NA,9.13297204370396e-05,NA,NA
"R07D03-TTVRCA_S7_2019.02.05_iseq_run_VL46-0348_R07D02-R07T00|NODE_1_length_3545_cov_116.908309_359_2_1|TTV_Clade5","R07","116.908309",NA,NA,0.256092031454444,NA,NA,NA,NA,0.00351833327584423,4.02925237222233e-05,NA,3.18350182016717e-06
"R07D03-TTVRCA_S7_2019.02.05_iseq_run_VL46-0348_R07D02-R07T00|NODE_2_length_3261_cov_163.158453_491_5_1|TTMV","R07","163.158453",NA,NA,0.335803396769053,NA,NA,NA,NA,NA,0.00213460836786179,NA,NA
"R07D03-TTVRCA_S7_2019.02.05_iseq_run_VL46-0348_R07D02-R07T00|NODE_4_length_3001_cov_27.235234_300_6_1|TTV_Clade7","R07","27.235234",NA,1,0.0555893821818606,NA,1.54138067632701e-06,NA,NA,0.0693699859666067,0.00973333064716509,NA,7.95875455041791e-06
"R10D02_2019.04.08_nextseq_run_VL46-0475_multiplex_run1|NODE_1_length_3714_cov_25.207707_842_5_1|TTV_Clade7","R10","25.207707",NA,1,NA,NA,NA,NA,NA,NA,1,NA,NA
"R11D01_2019.04.08_nextseq_run_VL46-0475_multiplex_run1|NODE_2_length_2887_cov_4.956215_502_1_1|TLMV","R11","4.956215",1,NA,NA,NA,NA,NA,NA,NA,NA,NA,0.000407704665598823
"R11D03_2019.04.08_nextseq_run_VL46-0475_multiplex_run1|NODE_1_length_3719_cov_239.174127_878_5_1|TTV_Clade5","R11","239.174127",NA,NA,0.99973791115188,NA,NA,NA,NA,NA,0.569717563314639,0.269473057573791,0.237264111177633
"R15D02_2019.04.10_nextseq_run_VL46-0475_multiplex_set_B|NODE_2_length_3040_cov_6.736683_586_1_1|TLMV","R15","6.736683",NA,0.002322198,NA,NA,NA,NA,NA,0.000279466,NA,NA,NA
"R15D02_2019.04.10_nextseq_run_VL46-0475_multiplex_set_B|NODE_4_length_2941_cov_163.365211_606_6_1|TLMV","R15","163.365211",NA,0.055774719,NA,NA,NA,NA,NA,0.008614245,NA,NA,NA
"R15D02_2019.04.10_nextseq_run_VL46-0475_multiplex_set_B|NODE_5_length_2937_cov_18.009715_579_6_1|TLMV","R15","18.009715",NA,0.005931397,NA,NA,NA,NA,NA,8.77e-05,NA,NA,NA
"R15D02_2019.04.10_nextseq_run_VL46-0475_multiplex_set_B|NODE_6_length_2929_cov_8.782533_666_6_1|TLMV","R15","8.782533",NA,0.003119579,NA,NA,NA,NA,NA,3.47e-05,NA,NA,NA
"R15D02_2019.04.10_nextseq_run_VL46-0475_multiplex_set_B|NODE_8_length_2560_cov_1461.617166_212_5_1|TTMV","R15","1461.617166",NA,0.478722511,2.25e-06,NA,NA,NA,NA,0.000170329,NA,NA,NA
"R15D03_2019.04.10_nextseq_run_VL46-0475_multiplex_set_B|NODE_1_length_6595_cov_336.563914_355_1_1|TTV_Clade1","R15","336.563914",NA,NA,0.002548915,NA,NA,NA,NA,0.000268742,NA,NA,NA
"R15D03_2019.04.10_nextseq_run_VL46-0475_multiplex_set_B|NODE_10_length_2978_cov_10136.392063_335_5_1|TTV_Clade5","R15","10136.392063",NA,NA,0.20666432,NA,NA,NA,NA,0.124428056,NA,NA,NA
"R15D03_2019.04.10_nextseq_run_VL46-0475_multiplex_set_B|NODE_12_length_2941_cov_10.648302_357_6_1|TLMV","R15","10.648302",NA,0.001049186,0.000192442,NA,NA,NA,NA,0.000487646,NA,NA,NA
"R15D03_2019.04.10_nextseq_run_VL46-0475_multiplex_set_B|NODE_17_length_2831_cov_4.933718_350_5_1|TLMV","R15","4.933718",NA,NA,8.99e-05,NA,NA,NA,NA,0.000688256,NA,NA,NA
"R15D03_2019.04.10_nextseq_run_VL46-0475_multiplex_set_B|NODE_18_length_2795_cov_41.756204_475_1_1|TLMV","R15","41.756204",NA,NA,0.000729331,NA,NA,NA,NA,0.000123646,NA,NA,NA
"R15D03_2019.04.10_nextseq_run_VL46-0475_multiplex_set_B|NODE_20_length_2598_cov_3619.073535_285_6_1|TTMV","R15","3619.073535",NA,NA,0.069836836,NA,NA,NA,NA,0.00852845,NA,NA,NA
"R15D03_2019.04.10_nextseq_run_VL46-0475_multiplex_set_B|NODE_22_length_2526_cov_995.403480_280_4_1|TTMV","R15","995.403480",NA,NA,0.017817697,NA,NA,NA,NA,0.055832674,NA,NA,NA
"R15D03_2019.04.10_nextseq_run_VL46-0475_multiplex_set_B|NODE_23_length_2517_cov_125.357027_289_1_1|TTMV","R15","125.357027",NA,NA,0.002194733,NA,NA,NA,NA,0.003601518,NA,NA,NA
"R15D03_2019.04.10_nextseq_run_VL46-0475_multiplex_set_B|NODE_24_length_2484_cov_6.892137_270_3_1|TTMV","R15","6.892137",NA,0.370796262,0.000119059,NA,NA,NA,NA,0.01287437,NA,NA,NA
"R15D03_2019.04.10_nextseq_run_VL46-0475_multiplex_set_B|NODE_3_length_3531_cov_1152.897296_894_6_1|TTV_Clade9","R15","1152.897296",NA,NA,0.024421365,NA,NA,NA,NA,0.011872581,NA,NA,NA
"R15D03_2019.04.10_nextseq_run_VL46-0475_multiplex_set_B|NODE_5_length_3224_cov_18.896182_685_4_1|TLMV","R15","18.896182",NA,NA,0.000335462,NA,NA,NA,NA,5.11e-05,NA,NA,NA
"R15D03_2019.04.10_nextseq_run_VL46-0475_multiplex_set_B|NODE_6_length_3207_cov_23315.272208_560_2_1|TTV_Clade5","R15","23315.272208",NA,NA,0.520098542,NA,NA,NA,NA,0.027815401,NA,NA,NA
"R15D03_2019.04.10_nextseq_run_VL46-0475_multiplex_set_B|NODE_7_length_3195_cov_968.063694_604_1_1|TTV_Clade3","R15","968.063694",NA,NA,0.01994354,NA,NA,NA,NA,2.59e-05,NA,NA,NA
"R15D03_2019.04.10_nextseq_run_VL46-0475_multiplex_set_B|NODE_8_length_3103_cov_2877.625656_344_5_1|TTV_Clade7","R15","2877.625656",NA,NA,0.056226647,NA,NA,NA,NA,3.15e-06,NA,NA,0.000585652
"R15D03_2019.04.10_nextseq_run_VL46-0475_multiplex_set_B|NODE_9_length_3097_cov_55.299803_371_2_1|TTV_Clade6","R15","55.299803",NA,NA,0.00117936,0.000565382,0.000121234,NA,NA,0.000129324,NA,NA,NA
"R15D04_2019.04.10_nextseq_run_VL46-0475_multiplex_set_B|NODE_2_length_3843_cov_1876.481785_528_3_1|TTV_Clade5","R15","1876.481785",NA,NA,NA,0.372667797,NA,NA,NA,2.52e-06,NA,NA,NA
"R15D04_2019.04.10_nextseq_run_VL46-0475_multiplex_set_B|NODE_3_length_3593_cov_156.131148_867_6_1|TTV_Clade5","R15","156.131148",NA,NA,NA,0.031122957,NA,NA,NA,0.000241615,NA,NA,NA
"R15D04_2019.04.10_nextseq_run_VL46-0475_multiplex_set_B|NODE_5_length_3073_cov_70.597084_446_2_1|TTV_Clade8","R15","70.597084",NA,NA,NA,0.012936489,NA,NA,NA,0.011888352,NA,0.559029134,NA
"R15D04_2019.04.10_nextseq_run_VL46-0475_multiplex_set_B|NODE_6_length_3054_cov_119.960654_396_3_1|TTV_Clade6","R15","119.960654",NA,NA,NA,0.022662413,NA,NA,NA,1.77e-05,NA,NA,NA
"R15D04_2019.04.10_nextseq_run_VL46-0475_multiplex_set_B|NODE_7_length_2999_cov_97.106658_278_2_1|TLMV","R15","97.106658",NA,NA,NA,0.016059554,NA,NA,NA,0.000664915,NA,NA,NA
"R15D04_2019.04.10_nextseq_run_VL46-0475_multiplex_set_B|NODE_9_length_2898_cov_34.285262_628_4_1|TLMV","R15","34.285262",NA,NA,NA,0.005620171,NA,NA,NA,8.2e-06,NA,NA,NA
"R15D05_2019.04.10_nextseq_run_VL46-0475_multiplex_set_B|NODE_1_length_3785_cov_3584.146113_908_5_1|TTV_Clade8","R15","3584.146113",NA,NA,NA,NA,0.968218146,NA,0.000147512,0.00165661,NA,NA,NA
