KM822043,-0.031804725249660194,-0.0014520779440051223
KM822091,-0.03382342031239753,-0.0004150889774342659
KM822095,-0.033283716362074625,-0.002075800175639377
MH887812,-0.02891999294719001,-0.009071777254104322
MH887774,-0.028919992917203888,-0.009071777306051628
MH887882,-0.0289199928186913,-0.009071777476701116
MH887865,-0.028919993052495034,-0.009071777071604906
MH887877,-0.028919992875480274,-0.009071777378310008
MK117855,-0.028919992829130204,-0.009071777458627984
MH887829,-0.028919992826806767,-0.009071777462623538
MH887879,-0.02891999287358603,-0.009071777381591054
MK117967,-0.028919992822233734,-0.009071777470572128
MH157035,-0.028919992913467325,-0.009071777312475857
MH887801,-0.028919992926140725,-0.009071777290508364
MH887766,-0.028919992849027267,-0.009071777424164347
KM822002,-0.028919992988702334,-0.009071777182176
MK107938,-0.028919992936943653,-0.009071777271784593
KM821943,-0.02891999289855643,-0.00907177733834093
MK117854,-0.028919993046912642,-0.009071777081268337
MK117962,-0.030873536063000424,-0.010179204868920006
MK107950,-0.028383571361566773,-0.009224094550855221
MH887796,-0.03016493630468136,-0.007324169981602775
MK107897,-0.03016493622833706,-0.00732417021824384
MH887803,-0.029109357913898546,-0.007841372889424412
MK118030,-0.029109357934214635,-0.007841372866740767
MK117864,-0.029109357939435556,-0.007841372860992402
MH887773,-0.02663551856109668,-0.00925299066041698
MH887895,-0.029067901628328965,-0.009316464550704588
MH887864,-0.029067405852902017,-0.009317280710059495
MH887780,-0.02906820185968819,-0.009315968395460431
MK117858,-0.029067026574283943,-0.009317902477077417
MK117999,-0.031889237731143376,-0.010187317384223864
MH887830,-0.030892657358021363,-0.010572145461039652
MH053575,-0.026707157437081547,-0.009541517092509381
MH887768,-0.026707157517895146,-0.009541516919041306
MH887858,-0.026707157428803408,-0.009541517110959203
MH887802,-0.026707157411036485,-0.0095415171487334
MH887775,-0.02670715747013153,-0.009541517021537512
MH887855,-0.02716479571813048,-0.011583740885398555
MK117991,-0.028914007776987757,-0.013624264923751407
MH887844,-0.02783269823986414,-0.011437397859367952
MH887839,-0.026007865986593385,-0.010582074217525486
MH887757,-0.026007863911114953,-0.010582075809286192
MH887867,-0.026007878351124912,-0.01058206428325338
MH887843,-0.026007881672204407,-0.010582061533865844
MH887789,-0.026007878882207774,-0.010582063908815999
MK107957,-0.024336402512344993,-0.011069607354572812
MH887804,-0.025061518163964895,-0.012002035103559596
MK117959,-0.02506096706095583,-0.012001696486840643
MH157038,-0.025747805241266963,-0.010806397054933383
MH887784,-0.026963516540914525,-0.010296991807647145
MH053484,-0.026964018815764084,-0.010296417451899334
MH887805,-0.02696352714803009,-0.010296979524192087
MH887836,-0.027802883398350093,-0.011351207238760585
MK117998,-0.02969840696033197,-0.01321912517174019
MH887872,-0.027500527141820375,-0.011453066351218408
MH887845,-0.027500357103021008,-0.011453185283930321
MH053545,-0.027500352282506923,-0.011453188639068995
MH053586,-0.02750034224245773,-0.01145319562277393
MK107915,-0.0275003150917442,-0.011453214436040502
MH887866,-0.026814254421477016,-0.013379150505062606
MK117966,-0.041532378683116475,-0.006857220148797333
MH887849,-0.02597712757471109,-0.012690912167108192
MK118016,-0.027384493163863384,-0.014960017121328464
MH887818,-0.028982727109366117,-0.013254889848294468
MK117987,-0.028959128767553712,-0.013266968325822819
MH887833,-0.022260484662382157,-0.008725112013697436
MH887760,-0.029869431635350798,-0.005029446841509612
MH053544,-0.03240974112865241,-0.004809343920561592
MK107937,-0.032409457069188956,-0.004811082369484141
MH053513,-0.029784261695202718,-0.005079488706488985
KM822014,-0.030527093641088517,-0.004147497855843796
MH053577,-0.028321428612391522,-0.0017899712684274402
KM822071,-0.026275088152334043,-0.003781779404000868
KM822023,-0.026275248770027713,-0.0037816322032471583
KM822053,-0.0298146656686813,-0.00526499488818739
MH887817,-0.026979326592221964,-0.005665948307217692
MK118029,-0.028864682757492193,-0.005917349512731204
KM822016,-0.026003906393268907,-0.0055713367096044955
MH887885,-0.024627267051031545,-0.001158218130398817
MH887815,-0.025462377651135647,-0.00039125011099979355
MK107943,-0.025464278701959005,-0.00038979008551023766
MK117963,-0.024220482701177697,-0.01656749910009422
MH053554,-0.025211275589709762,-0.0026074958937643664
MH053487,-0.026752201358090096,-0.0022671680108680902
KM822086,-0.02966022826911065,-0.005221555642092745
MH887776,-0.027182573607835533,-0.0017429131016234213
MH053578,-0.03151746541542129,-0.005542498020549609
MK117851,-0.03151746536199211,-0.005542497853717521
MH887881,-0.031517465553835465,-0.00554249836102534
KM822049,-0.03151746535995191,-0.005542497851041461
MH887785,-0.029913307147851904,-0.0015214487794634498
MH887825,-0.02785906021724505,-0.002916056287652595
KM821986,-0.027858974712930175,-0.0029161167579826058
MH887823,-0.03093495216391721,0.00046309756336426966
KM822093,-0.030021279552164506,-0.001498211465029806
MH053538,-0.030021096019442434,-0.0014982280027988491
MH053576,-0.030021186232736218,-0.001498218619955693
MH053488,-0.030020522292917486,-0.001498301253830101
KM821916,-0.03002072501685609,-0.0014982723553672256
KM821918,-0.03002075113428166,-0.001498269295962786
KM821927,-0.03001985304030261,-0.001498408884907575
KM822107,-0.027884071217272686,-0.003941145806201675
KM822041,-0.02788407159667045,-0.003941145520470743
MH157050,-0.029488139683141033,-0.0030593480491619535
MH053533,-0.029488082807670814,-0.0030593645014412377
KM822008,-0.029488042087678884,-0.003059377427750556
MH887797,-0.029488124607719525,-0.0030593515733459407
KM821931,-0.029488140741776057,-0.0030593477693870393
MK118033,-0.037721492252648564,-0.005183823838144282
MH053536,-0.025296318537052418,-0.0013672677528991481
MH887761,-0.02760728022846064,-0.001144080662886467
KM821939,-0.03044737195961217,-0.004164865355963116
KM821992,-0.02908740185077154,-0.0011303850909916069
KM822025,-0.0317894537112516,-0.00410561025169801
KM822082,-0.03348720739308885,-0.007272754715449086
MH887847,-0.027284400499435122,-0.003399546998376245
MH887869,-0.02768234367819419,-0.00449773509969311
MH887772,-0.023923695907938147,-0.00263148464865517
MH887770,-0.027163318077125565,-0.002013533741103232
MK117956,-0.02713709445877139,-0.0020414289500770197
MH887811,-0.025876324479831698,-0.008068508052728157
MH053497,-0.0248333372435562,-0.007269798473978115
KM821996,-0.026824612609700975,-0.008161678053605284
MH053573,-0.022477364884582376,-0.007735703403179564
KM822055,-0.02341472368013026,-0.0068192672825532616
KM821933,-0.023414722544099553,-0.006819274538706652
KM822033,-0.02341471575932481,-0.006819318007752409
GU481078,-0.024545485662632472,-0.006639395173968096
KM822078,-0.025902825616986383,-0.007601309675949079
KM822109,-0.02590282654842358,-0.007601308036023134
KM822031,-0.025902826988355734,-0.007601307261606914
KM822076,-0.025135401295462833,-0.0070625830611133825
KM821961,-0.03129057631659661,-0.007507397951113301
MK117846,-0.02760002616090506,-0.002913575308908764
MH887896,-0.028917532439437652,-0.005104735127227846
KM821924,-0.028922115329001827,-0.0051021758498882575
MH887861,-0.02562879235277257,-0.0076986807721893405
MK118028,-0.02528869912052925,-0.010107401686249115
MH887822,-0.02985807049175194,-0.006457349240059018
KM821969,-0.029761877779222706,-0.006467500988470352
KM822018,-0.03252278455823807,-0.006508468873597287
MH887886,-0.0384021470960906,-0.007906626208309089
MH887874,-0.024858023671093358,-0.010085778474481834
MH887819,-0.027686007949105466,-0.008605690073550894
KM822051,-0.027686006011911332,-0.008605701172229795
KM821925,-0.030147785376999796,-0.01154772945624272
KM821971,-0.030158366954695103,-0.011539171623018403
KM822063,-0.032994390613733916,-0.0011327592907749231
KM822039,-0.032998247838417365,-0.0011381510867022962
KM821937,-0.030844630881448825,-0.0026935680252247896
KM821922,-0.028089227022823682,-0.0070614190843300215
KM822047,-0.026967026927705084,-0.006242948289192214
KM821959,-0.03584024936159898,-0.006010042635588532
MH157044,-0.0324542799600595,-0.0049163249234599376
KM822020,-0.02958940490761907,-0.0015917768749078836
MH887808,-0.03196442069097537,-0.0026862394987837352
KM821998,-0.034072915688849834,-0.003704346814532827
MK107944,-0.03412278534311227,-0.004084233766774
MK107951,-0.030784019364463684,-0.004545811690119187
KM821967,-0.03362043321838147,-0.004760368430464658
MH887831,-0.028322621006040598,-0.001866583754409392
MK291250,-0.03300824388256394,-0.010989226391733737
KM822097,-0.026469110505609964,-0.005301202846882819
KM822084,-0.026480377674782507,-0.0052909654513967706
KM822059,-0.026479570367188916,-0.0052916544128751315
KM822029,-0.026472531954193988,-0.0052979613237822505
KM821912,-0.03084035272923903,-0.003399037416707448
KM821920,-0.02565956074751449,-0.0149575789821241
KM822066,-0.028708593398265158,-0.010511913684588646
MH887763,-0.03269661301956944,-0.005647478977852355
KM822012,-0.028057433077554535,-0.006056238659813457
KM822089,-0.025959269425673805,-0.009057627189108387
GU481076,-0.02595772757054088,-0.009064687536051767
KM822027,-0.02515856003156922,-0.00833212321468893
MH887810,-0.026112121791740706,-0.005791653017075894
MK117997,-0.03535550719280606,-0.008570541551028436
MK117857,-0.03531908325142692,-0.008664544902150231
MK117848,-0.017868658270823175,-0.008074387025786653
MH887857,-0.01795991285653632,-0.009969616869332178
MH053514,-0.017867505046736648,-0.007603357730175868
MH887897,-0.025161601830959446,-0.01599731202831178
KM822000,-0.027039945700770947,-0.018954211536807382
KM822045,-0.024529053481564186,-0.003955887568214263
KM822088,-0.02518965241789812,0.0016689606881323386
KM822035,-0.02604662920003874,0.00209450958269866
MK118010,-0.034880110939517504,-0.0036918391289266898
MH157037,-0.035239156473018764,-0.00507066699789303
KM821990,-0.028383486666997856,-0.013718882545696719
MH887884,-0.030735242774121315,-0.009302876127573686
KM822101,-0.024595202199454706,-0.0090192140018593
MH887778,-0.025557132387495414,-0.009900722464368685
MH053498,-0.025559824829323848,-0.004668315087151911
MH887870,-0.023909600653358218,-0.008486418654689257
KM821994,-0.024903631032650305,-0.012668665173565137
KM822105,-0.02579929093022423,-0.009363810127888691
KM821935,-0.02580018566096706,-0.009370995469618166
KM822037,-0.03131500332119198,-0.011490502245035224
MH887798,-0.02226682081691857,-0.00555988434029882
MH887854,-0.022266701652055822,-0.005560493292351052
MH887813,-0.0224069523122697,-0.005559680901262159
MK118024,-0.019064730593265165,-0.020055557834811687
MH887894,-0.01750868414857444,-0.0034313214389986198
KM821984,-0.020023989950277134,-0.006045516193521555
MH887878,-0.03482493649466315,-0.006949790188807041
KM822074,-0.02457681237138658,-0.004010827904040115
KM822060,-0.030184925215374428,0.00102237911492063
KM821972,-0.03010876828289826,0.0010211195677327272
KM822080,-0.026812727120369074,-0.0015422905919069375
MH053553,-0.026747406815171283,-0.0016163749842300708
KM822022,-0.026778647664888886,-0.0015801909613837528
KM822004,-0.02363144183632996,-0.0011637414786362138
KM821945,-0.02487769726386888,0.0012580747928588722
MK107942,-0.01994017627573438,0.0006453611178390638
MH053562,-0.020015275753047655,0.0007491212315350819
MK107960,-0.018545098469290353,-0.015201119526984675
MK107969,-0.015777629533786832,-0.009082392889356448
MK107959,-0.019396935823517144,0.0028296588827101446
MK107958,-0.01574547496530801,-0.00858590452899176
KM821974,-0.01643668090894402,-0.0029762939305594447
KM821976,-0.01951824724689593,0.0029720986150632025
KM821977,-0.020569822337577738,0.005298413391632496
AF181854,-0.021198755464031663,0.0034365941578352204
MG812681,-0.02299960388368242,0.005951415838641453
MH887880,-0.015512106954573283,-0.005638985836105536
MK107901,-0.018256332399938926,-0.00018597898220052992
KM822069,-0.030173826276290644,-0.010579310663650367
MH887890,-0.030339101124705416,-0.00935984483913423
MK117990,-0.040419573284118125,-0.00831662320845782
MH053528,-0.03165118939584705,-0.009492375687692525
MH053518,-0.03175649709576639,-0.00948469140245589
MK117949,-0.03411086446396087,-0.010185951349025026
MH887821,-0.027620543178211138,-0.009864701734364843
MH887781,-0.036109514725461075,-0.010223484841408495
MH887876,-0.03361443205032136,-0.008465520904322175
MH053557,-0.02613121644071932,-0.007009364387115959
MH887824,-0.02690589029568971,-0.007461568323269148
MH887792,-0.02759390822968878,-0.011341803075307202
MH887852,-0.027098048251426757,-0.01671137682867112
MH157028,-0.035154772385874944,-0.011771614939889454
MH887859,-0.03683877699099623,-0.010868414562090289
MH887841,-0.03566319875948109,-0.011252731203677013
MK291249,-0.034010246542484385,-0.0056089393737521875
MH887777,-0.03401111136462164,-0.0055739007317496024
MH887783,-0.0339895146484293,-0.005917504470144513
MH887800,-0.03321932906285057,-0.009501909300758832
MK107907,-0.03401090008293841,-0.005561186511706519
MH053483,-0.037192764828230175,-0.005954053539563699
MK118031,-0.03071642600925496,-7.65307822200385e-05
MK117865,-0.02551057414640274,-0.013884977011270698
MK107908,-0.03556475259862169,-0.003309673906148875
MH887838,-0.022860105687954952,-0.004897787594508061
MH887787,-0.03639636439242047,-0.0014689232374151624
MK117985,-0.04038206465911475,-0.004367129860064927
MH053564,-0.03722146303737439,-0.002991735067007302
MH053493,-0.036729702866444294,-0.0017161956052580355
MH053511,-0.030796522667124075,-0.01399121123515936
MH887759,-0.03356504794127596,-0.0011863786607466047
MH053506,-0.02899560177079485,-0.005616889395180686
MH887782,-0.038621317290114615,-0.006300834566398146
MH887769,-0.02108819526653362,-0.010791383934072711
MH887889,-0.021120657241219646,-0.010933253796894927
MK117862,-0.020936683069710773,-0.009948939158993362
MK118025,-0.02108896190235533,-0.010794923763935942
MH887832,-0.0222322144096037,-0.00915954754223397
MH053502,-0.02102752120792525,-0.012513267752695149
MK117859,-0.01888271584226598,-0.009812056108171593
MH053582,-0.02075722388755285,-0.0034437592857208825
MH053574,-0.020759037486750273,-0.0034392968429214936
KM821949,-0.02097316249842935,-0.0023153893710335647
MK117972,-0.02114853521906197,-0.0073138124033731685
MH887853,-0.01982515504087107,-0.009479807334027427
MK107916,-0.03524428639287928,-0.007305299446067477
MH053559,-0.03302242605970778,0.0016824785996061389
MH887875,-0.01923013128013294,-0.010660130705687386
MK117964,-0.01912955199231442,-0.015141168644604184
MH887862,-0.03515843016477509,-0.004271912707670004
MK118022,-0.022396349008526936,-0.004522985562173055
MH887755,-0.0223983894694825,-0.00451682681506107
KM822099,-0.020490254803590024,-0.004191042899223799
KM822103,-0.02159678796249733,-0.0029090948798661934
MH157034,-0.023736423876439042,-0.00023249387723367276
KM821914,-0.02395782986735602,2.049112290923846e-06
KM821965,-0.021457079465718235,-0.0065167743969829425
MH887767,-0.03312748978675081,0.0038623464161233597
MH053580,-0.028207696074037152,0.009126842204292041
KM821955,-0.01929675988900622,-0.017499030988951544
KM821982,-0.019321880522587844,-0.004677881454405938
MH053551,-0.032954686104868604,-0.007392994951950823
MH053537,-0.02144419155581771,-0.013722399583443045
MK107898,-0.021193608265202755,-0.014339992181464948
KM822072,-0.02355318304643738,-0.011469631854041132
MH887840,-0.03458938239492453,0.0005291341140438876
MH053531,-0.030928894332483036,-0.009557674797540926
MH887851,-0.028923970937520714,-0.01750018638937288
MK118027,-0.037052495109664296,-0.0018796545909511774
MK117863,-0.03704453783489955,-0.0018585771423570503
MH053485,-0.03731530110164863,-0.0008516895714809186
MK117973,-0.02183422136848055,0.0006417213651212035
KM822006,-0.032619879237157985,0.002373899358102063
MK117847,-0.021167704079041855,-0.020510061751328218
MH053491,-0.021181639786495194,-0.020520237399192502
MK117856,-0.03936791347295155,0.002376246211772613
MH887779,-0.03088880599586708,0.002366778674367406
MH887887,-0.022179925768071092,-0.011823871516644446
MH887842,-0.0340742176018833,0.007496551921638169
MH053526,-0.03275603216389439,0.0002493962907142637
MK118038,-0.04386572597053064,-0.019958536156138292
MH157041,-0.02307209120402789,-0.018813396342285797
MK107955,-0.03417762410817333,0.0011817347977233989
MH887765,-0.03603953246628879,0.000260976221548468
MK117968,-0.03626622158453741,-1.9015989392210077e-05
MH887846,-0.04126773482195758,-0.0012648965579681413
KM821957,-0.036035052018788614,-0.004680603749522596
MH887856,-0.028433437824283304,-0.0017642907946708616
MH887863,-0.029319545335352498,-0.0027044600807220576
MK281627,-0.021951109820297597,-0.012492583305610452
MK107909,-0.02435155003691316,-0.01573272755311658
MK291248,-0.03548001040672536,-0.003503039820209161
KM821929,-0.03647250232702433,-0.012925126033574446
MH887871,-0.02548177530227753,-0.016889044259625757
MH887758,-0.034354784249630135,-0.008134459879665264
MH887786,-0.027876727270926934,0.004455656998453091
MH887888,-0.035952411009366664,0.007127197660436141
KM821947,-0.03568721973577072,0.0055621524396727295
KM821988,-0.03597430376594003,0.005408254961158267
MH887848,-0.03451302263511064,-0.010126555231679494
MK117977,-0.04334147284637574,0.0016385183558157005
MH887771,-0.03653714959590742,0.004005666317741169
MK107913,-0.026424786470095156,0.007111290495538848
MH053567,-0.01715052186675683,-0.022075748492562292
MH887835,-0.03602530300952169,-0.013010453196702087
GU481074,-0.03225695289187182,-0.013831423989067362
KM822010,-0.032258110807927426,-0.013830271087632112
KM821951,-0.03226471798663993,-0.013823682159229377
KM821953,-0.032282922953309895,-0.013805435448637002
MK107964,-0.03429543445309388,-0.015060937522533227
MH887883,-0.03174631714535487,-0.015531745023764119
MH887795,-0.03384755756633687,-0.012408762812266013
KM822062,-0.03350862007942313,-0.015541264907688156
KM822065,-0.03406038419001578,-0.0150757048451803
MH053561,-0.03383778189465785,-0.013755392326259048
MH887793,-0.034128059421890455,-0.014102322876278923
MH887788,-0.03736433549522597,-0.013892200131991684
MK107956,-0.03095159551149502,-0.01871121963997198
MH053522,-0.03406178350717005,-0.0167204672049261
KM821963,-0.03471257662085396,-0.016429965086865218
MK107963,-0.03803370209317657,-0.00807821581525775
MH053588,-0.03149129783807593,-0.01760056478635594
MK118001,-0.03016108233300267,-0.017448871116205973
MH887807,-0.030177721098720994,-0.017442070287115044
MH887791,-0.031607928800986666,-0.022846257619466674
MH887868,-0.03224287517941024,-0.01902846615728256
MH887806,-0.03667361105629159,-0.015025607602559072
MH887762,-0.03220798925761324,-0.019049151223348226
MK118007,-0.03881439250034136,-0.015611415855803182
MK107936,-0.034915161960271494,-0.016604210449649322
KM822057,-0.03543694908214703,-0.016072524561530504
MH157032,-0.028855418897267653,-0.01980708240553013
MK117861,-0.029424996636239494,-0.019661837705260626
MK118002,-0.028882945349724715,-0.01980123537600456
MH157045,-0.03653958157432718,-0.017262384124208816
MH887827,-0.034083460410210514,-0.01972785546085454
MH887790,-0.032473829505312836,-0.02446896148414526
MH887873,-0.03638069598362465,-0.021112559960992646
MH887826,-0.027608880705781373,-0.019988314131213075
MK117860,-0.03566733538725072,-0.01974733429341361
MK117853,-0.03381512685727929,0.020383039560232182
MK117961,-0.03387831433791893,0.02036257093200697
MH887837,-0.03387544699091568,0.020363506166515416
MH887860,-0.021764815473127034,-0.03117634940340828
MK107925,-0.028795185877762624,0.022333397491004787
LC387478,-0.031318308422517635,0.019027500864308905
LC387472,-0.023411484587180557,0.013511312633515784
MK107970,-0.02340834151914635,0.01351004969045068
MK107902,-0.023458033029361877,0.013529865935388172
MK107903,-0.02341455094573032,0.013512543511276476
MK107904,-0.02341098015877217,0.013511110031648777
MK107905,-0.02341095818953928,0.013511101207030526
MK107906,-0.0234108981292786,0.01351107708165782
LC387482,-0.023714516553982982,0.012181742841476995
LC387468,-0.025971925409177008,0.012784723573278393
MH887834,-0.025977359480346286,0.012785884710223759
MK118019,-0.03128352574492025,0.014596308415340133
MK117994,-0.03136510642640629,0.014597160016140177
MH887799,-0.031034131678934013,0.016169481942674608
MK117996,-0.023331497935494654,-0.027380433924874197
LC387476,-0.023696026450553777,0.015333273440580822
LC387484,-0.02780541472927962,0.014570480537009543
MK118018,-0.027829676460592822,0.014572265320398356
LC387470,-0.028992450179365605,0.01295817444554268
GU481068,-0.028991227842886786,0.012958160197803678
MK107924,-0.026371346672027358,0.011095679910926092
MK118020,-0.029420333151769704,0.01614784330713429
MH053572,-0.014734392736332627,-0.011413392692501854
MK117975,-0.034333437832672675,0.015736966558358007
KM821979,-0.014453598758221185,-0.021094029026351904
MK107926,-0.028500381132021222,0.014414314267272613
MH887820,-0.026609739717119593,0.014809000023029243
MK107961,-0.028273696236164724,0.01544709914490743
MH053527,-0.01371277478257328,-0.01332008959957699
LC387486,-0.031212851043419816,0.013236369055255838
LC387488,-0.028641051415576383,0.014734386984966862
MH887828,-0.02997907866369212,0.014910302827604456
MH053501,-0.016755415315680557,-0.027367834451452525
LC387480,-0.028732999838480423,0.017721511619437587
MH053560,-0.036839018545276325,0.009972210660397154
MH053552,-0.03212707890531006,0.02486732565451999
MK107952,-0.018221985870353893,0.006102954640536136
KM821941,-0.04130915829962803,-0.01973815489071699
LC387474,-0.04407620732922192,0.023736796464640334
MK107948,-0.04554885114232244,-0.012456853863009478
MK107946,-0.0460198168414244,-0.011648423135024606
MH053584,-0.03556158137803271,0.041880413212594884
MK117950,-0.043958653325399825,0.03269662707629894
KU978811 (reversed),-0.03361103776695725,0.03612628974626471
MG812641,-0.02978064941861346,0.03683121724540219
MK107923,-0.009864581801852259,-0.044794515850215724
MK107967,-0.012925935564977533,-0.04525098683751865
MK107922,-0.010133581350121632,-0.04724805393800714
MK107962,-0.01549795992144132,-0.04786812888970755
MK107928,-0.0420980988546054,0.03510520789862164
MK107966,-0.03926554015331775,0.04100426263135373
MF990889,-0.007616557517675225,0.0708640862769287
KU961971,-0.007837019830636538,0.07090008695629567
MH053474,0.05183299689586667,-0.04666106078403159
MK107919,0.02287820688311403,0.06541962626227227
MK117852,0.05152296911732038,-0.05352467146891659
MK117952,0.0527688652756449,-0.0488260752112136
MK107920,0.04891584174232301,-0.04836081301586225
MK107954,0.022862700126543824,0.06991207514891058
MK107945,0.06349801133696491,-0.0523937869064419
MH053589,0.025298225754888392,0.06994373559831807
MK107899,0.05404157410577986,-0.04891930420222997
MH053468,0.06037405281196404,-0.04814599945590668
MK107900,0.06635233142894453,-0.0563808574640789
MK107911,0.017946089659015108,0.08913857444401713
MH053482,0.048676806541285284,-0.04335411347086837
MK107940,0.056813873513698675,-0.04578851380311138
MK107939,0.020644023272577788,0.07029023162967446
MK107953,0.02820810147906662,0.07734641905043287
MH053470,0.04522872242027213,-0.059831097559970646
MK107918,0.019963562764697067,0.0718273147385921
MK107912,0.05063712427129287,-0.04671850345424322
MK107917,0.04433155634564003,-0.055814333831016756
MH053480,0.055850565768257386,-0.046552241460740246
KM821980,0.05333959242216864,-0.05459658113198429
MK107947,0.053076950041590534,-0.07379161069464284
MK107941,0.048904271609132244,-0.05380084832321093
MH053478,0.06473358368217731,-0.03574636687725996
MG812635,0.0643691468722849,-0.03868866559304813
AY628206 (reversed),0.06427145983718084,-0.03886950277790193
MK107965,0.06966125204425919,-0.03676520732902204
GU481070,0.029295310531989506,0.07074544181059444
GU481072,0.029300087587885323,0.06690759968799274
MH053476,0.06206247388270464,-0.042546180347202055
MK107929,0.02254559950569848,0.07403998513406918
MH053463,0.04459324075684675,-0.06809890326647805
MK107934,0.043880610158081604,-0.06859506118217593
MK107931,0.04539151061164118,-0.067123023813677
MK107932,0.04536019855734836,-0.06714812668725527
MK107910,0.04025063189206391,-0.06326481800599523
MK107914,0.04262710798524701,-0.06390555660978446
AF333969,0.043584724643610205,-0.06900320951585781
MK107968,0.044268455894770915,-0.06380496658359354
MH053475,0.042220747416016224,-0.06477679869340519
MK107949,0.041883944524647526,-0.06504516770971076
MK107933,0.01060226078958664,0.07689641963034388
MK117849,0.012986481430510248,0.06922674423662101
MH053472,0.0432031594713213,-0.06590207290388585
MK107935,0.051920416751154656,-0.07825184478042048
MH887809,0.017661234310252853,0.07706628353950115
MK117971,0.05775801410113203,-0.0644903881220146
MK107930,0.0537509861829211,-0.06470483707736754
KT992422,0.063952191886456,-0.060525433335662716
KT992423,0.05742475472804095,-0.06570105494965459
KT992424,0.019724245746840126,0.08401993275529676
MK107921,0.01996913207807951,0.08657722151611302
X52400,0.024225578188942064,0.08116119707084911
KF478769,0.03960131589699739,0.054171375397912926
KF478767,0.03895482842492232,0.05470313377230611
KF478765,0.06441094124773067,-0.018163541837643515
KF478768,0.04255336873002664,0.06531635210005746
KF478766,0.03963026600008629,0.04972761206348834
AF246121,0.06043307648604026,-0.019760551710658776
FR832711,0.06042035862164604,-0.02020232831593115
KM821910,0.06604527919288132,0.02805528364268534
KM821796,0.06937142033539193,0.024888208911852786
KM822130,0.06876857833175198,0.0265268694254939
KM821810,0.06665139400667607,0.024683817664573282
KM822132,0.06601496507268646,0.026760616315546847
KM821892,0.06614102795912984,0.026619673484173254
KM822117,0.0728164119117452,0.021156797007325385
KM821880,0.06350674746891113,0.020932805006743875
KM822115,0.06995640872976869,0.031373072758556116
KM821790,0.07007037355347222,0.030885465821830247
KM821832,0.07284765808740042,0.017227874208390295
KM821839,0.07306737035780916,0.02268424124542532
KM821884,0.07069995674521899,0.024042779081482966
KM821889,0.06843881100799966,0.029660995761840954
KM821857,0.06563189108675173,0.02437858299014237
KM821865,0.06507276312824999,0.026778656956521377
KM821841,0.06658771903597398,0.02977735715870771
KM821816,0.06715740528597047,0.019700823396040176
KM821808,0.06267134002060322,0.02376807729813709
KM821867,0.07568047368802994,0.018398837922180437
KM821815,0.06509434781310484,0.022828952367252478
KM822126,0.06515864879279692,0.022610945231771044
KM821783,0.06602287036043429,0.03260000856308427
KM821814,0.07545894064297155,0.02716907325504482
KM821820,0.07465991237578948,0.029193823989970138
KM821863,0.07740914455519693,0.025425897126075004
KM821785,0.07380259560907666,0.024034077004212794
KM821777,0.07348365296402036,0.0251123719652498
KM821789,0.07285390917714772,0.026960445981700647
KM821848,0.07175934365384258,0.024604280428655832
KM822122,0.07118998376163585,0.02638423953398657
MN275173,0.0719802400665836,0.02371553629779019
KM822113,0.0669342986051993,0.024127656022167314
KM821828,0.06710352579149265,0.0235303012660398
KM821830,0.06679706368248275,0.024865602039793315
KM821826,0.06389594022165772,0.018901788463863832
KM821824,0.06094689697092031,0.020183755203197744
MG812683,0.06415561049823434,0.027808621612425984
MG812643,0.06673071273579392,0.01943317969067068
KM821804,0.06943205681861828,0.02719475631908057
KM821859,0.07128840612021392,0.03104384968991968
KM821806,0.06479858369149706,0.026220359880002236
MG812639,0.07289742062527459,0.019134086419127016
KM821787,0.0680242262358915,0.015944260718556806
KM821773,0.07069550256234913,0.019038849972067645
KM821843,0.06941259680364294,0.02810965741598641
KM821876,0.06899430078905354,0.0233083754963915
KM821779,0.07047604917288111,0.026836637921431105
KM821899,0.06254668008812544,0.028601227216020954
KM821877,0.07453574372610235,0.018071283499242523
KM821818,0.07057511796622595,0.034437296719873424
KM821882,0.07231854614489426,0.02342600934475955
KM821886,0.06924314711068616,0.03291173070206958
KM821852,0.07040809778886487,0.030786467814467235
KM821781,0.06818389167474508,0.027277880098357823
KM821845,0.06311013339082786,0.023590951819707686
KM822111,0.06915777740399533,0.024456721869576988
KM822120,0.0695428108554541,0.019778696675357182
KM822124,0.06945830818400671,0.020501355406548082
JN650517 (reversed),0.0678357309248334,0.02206144299367071
HQ688672,0.06810864152036768,0.021195289208649375
HQ688673,0.06814370195681,0.021082428739228807
AY628203 (reversed),0.06811463325600792,0.021176077729531628
NC_004296 (reversed),0.06815624395133939,0.021041765374840267
DL138935 (reversed),0.06816178805864277,0.021023735180136484
J04324 (reversed),0.06814362837193373,0.021082666823774122
KY425650 (reversed),0.06824197071144503,0.020758440763710154
KY425638 (reversed),0.06820942297012746,0.020867229342774445
KY425643 (reversed),0.06712853067988496,0.024581437229501218
KY425641 (reversed),0.06807249407342357,0.0213106463570418
KM821775,0.07507006563808045,0.016886403557805768
KM821794,0.06496358078994033,0.029092104385664362
MG812647,0.06535901836593895,0.03459852262266595
AY179173,0.07047151609841844,0.041067007056503596
KM821854,0.076490625192319,0.020099446137670826
KM821907,0.07944865274546051,0.012123919078991668
KM821890,0.07960099001892931,0.008332890282954038
KM821902,0.07875400059189691,0.02092795285213432
KM821850,0.0797914700596621,0.006550581449948628
KM821897,0.07758178640716376,0.02411048724509437
KM821906,0.07750169432333605,0.02439234787652054
KM821894,0.07574374969159464,0.02951689569995987
KM821900,0.07397015888855032,0.03295833149034961
KM821874,0.05710023094835008,0.029119067769524307
KM821856,0.07259137420641422,0.012718049335228314
KM821872,0.061027000782012265,0.008921176197117077
KM821822,0.0638628469311383,0.011452138643841614
KT992416,0.07014615173682635,0.0061810922729954474
KT992418,0.060476260467388306,0.0375407081716912
KT992420,0.06794389559440382,0.00388816645539784
KT992421,0.06748160833441844,0.006294590552399065
KT992419,0.056719776237878494,0.024566155260810536
KT992417,0.05733076688242729,0.024054198561054337
KM821798,0.07058910633909768,0.002731021008829547
KM821800,0.05319595476866596,0.012393584021793351
KM821904,0.07464638974413831,0.009632346789690998
KM821802,0.079788827541948,0.009882406018930815
KM821885,0.07145513507624876,-0.00026831808547079654
KM821847,0.07748806907431778,0.0004868607292035748
KU978810 (reversed),0.06696725515266978,0.04010927953506527
KY425635 (reversed),0.07716558008682263,0.00979211705023929
KY425642 (reversed),0.07897967599882139,0.0071777942949150615
AY628201 (reversed),0.07915733032158698,0.012521700946464848
MG812645,0.06819751972975104,0.041231640110205865
MG812648,0.06071561441373816,0.034705349077030254
MG812636,0.06909171915136683,0.008156734848293665
AY628205 (reversed),0.07719290330330097,0.0066232964735425505
MH215285,0.06897341947449388,0.007662241460517402
KM821792,0.07116241077752074,0.013782935336752613
KM821871,0.05023327272291709,0.031174050168233422
KM821833,0.05716980603306916,0.007586525092614256
KM821835,0.05039231323979711,0.029549117883337955
KM821861,0.057297062325497645,0.007223550340305009
KM821869,0.05112967840915484,0.03772172339612042
KM821909,0.060378339041088705,0.0004848830775445003
KM821837,0.07941325556588075,0.014867148137298492
MG812631,0.07129275988027424,-0.002198656771482134
GU830839,0.04548436664405601,0.04471124657227929
MG812685,0.05710926650627971,-0.006252760521728357
KU978807 (reversed),0.04374659662958151,0.03979201478545717
MG812657,0.05563904822109389,0.05238973935017607
MG812667,0.05284011664993366,0.05268182101851035
MG812658,0.0547760945284134,0.05738467161833686
MG812661,0.051376242275397006,0.05370943198598407
MH215289,0.05363633940587111,0.055473097516910756
MG812673,0.050912657146687676,0.05522433976932223
MG812669,0.04840651968051617,0.05798651641865182
MH215281,0.07220608541762792,-0.016260307720052363
MH215283,0.07769746471038146,-0.017811246511599144
MG812665,0.07478712772363122,-0.015382228785830098
MG812632,0.07149848022718351,-0.013789863738160784
MG812670,0.06896687238385658,-0.012619261934332725
MG812650,0.056219522810984725,0.056443684986695226
MH215287,0.07222490295483222,-0.00899344330147484
MG812677,0.07160753131527228,-0.015168554224726733
MG812655,0.07462444951703424,-0.012812732246821626
MG812663,0.05091043833948021,0.05323339614532031
MH215279,0.04997994485085294,0.05933682245125034
MG812653,0.07655565043193059,-0.01838123562600527
MK107927,0.02419499317950246,-0.06773208730150716
AF181853,0.026985726969803506,-0.08490683732114442
MG812675,0.02680115682454292,-0.08497397614254885
AY628207 (reversed),-0.013534456475181417,0.08940178511034186
AY628208 (reversed),-0.00847781348603067,0.08965279533906423
KM822128,-0.005927426147730517,0.08968425713554097
KT992425,0.0046789492784256965,-0.1167137087853402
