orf,coverage_2,sample,source,D01,D02,D03,D04,D05,D06,T00,T01,T02,T03,T04
R04D01_20190410_VL46-0475_multiplex_nextseq|NODE_14_length_2943_cov_91.290859_633_3_1|TLMV,91.290859,R04,donor,0.0032790601870667895,NA,NA,NA,NA,NA,NA,1.6151536914137943e-4,NA,NA,NA
R04D01_20190410_VL46-0475_multiplex_nextseq|NODE_17_length_2938_cov_3457.122095_344_5_1|TTV_Clade5,3457.122095,R04,donor,0.12803402923506105,NA,NA,NA,NA,NA,NA,4.437235415971962e-7,7.951016438063901e-6,NA,4.303078719112039e-4
R04D01_20190410_VL46-0475_multiplex_nextseq|NODE_21_length_2915_cov_6.403147_500_2_1|TLMV,6.403147,R04,donor,2.350085294272151e-4,NA,NA,NA,NA,NA,NA,4.215373645173364e-6,NA,1.379483493790255e-6,7.779577345287302e-6
R04D01_20190410_VL46-0475_multiplex_nextseq|NODE_26_length_2883_cov_18.862801_536_2_1|TLMV,18.862801,R04,donor,6.248462076535366e-4,NA,NA,NA,NA,NA,NA,1.774894166388785e-6,NA,NA,NA
R04D01_20190529_VL46-0475_multiplex_NextSeq|NODE_10_length_2970_cov_38.517667_275_2_1|TLMV,38.517667,R04,donor,3.7877845331209963e-4,NA,NA,NA,NA,NA,NA,NA,NA,3.4487087344756376e-6,NA
R04D01_20190529_VL46-0475_multiplex_NextSeq|NODE_11_length_2946_cov_2956.177793_343_4_1|TLMV,2956.177793,R04,donor,0.02779459701566816,NA,NA,NA,NA,NA,NA,4.341834854528565e-4,0.0023601267126986346,NA,NA
R04D01_20190529_VL46-0475_multiplex_NextSeq|NODE_15_length_2925_cov_15.126132_184_1_1|TLMV,15.126132,R04,donor,1.4515232699916227e-4,NA,NA,NA,NA,NA,NA,4.088912435818163e-4,NA,7.156070624036948e-4,0.0029324144355892326
R04D01_20190529_VL46-0475_multiplex_NextSeq|NODE_16_length_2918_cov_101.720922_503_2_1|TLMV,101.720922,R04,donor,8.460307059379743e-4,NA,NA,NA,NA,NA,NA,3.9269533431351865e-5,NA,NA,3.6952992390114686e-5
R04D01_20190529_VL46-0475_multiplex_NextSeq|NODE_18_length_2915_cov_56.128671_257_2_1|TLMV,56.128671,R04,donor,5.073419429399291e-4,NA,NA,NA,NA,NA,NA,NA,NA,NA,4.862235840804564e-7
R04D01_20190529_VL46-0475_multiplex_NextSeq|NODE_19_length_2915_cov_53.106993_329_5_1|TLMV,53.106993,R04,donor,4.86605896225763e-4,NA,NA,NA,NA,NA,NA,1.7660196955568408e-4,NA,NA,NA
R04D01_20190529_VL46-0475_multiplex_NextSeq|NODE_20_length_2906_cov_5.117503_299_5_1|TTV_Clade9,5.117503,R04,donor,4.976651211399849e-5,NA,NA,NA,NA,NA,NA,NA,NA,NA,7.2447314027988e-5
R04D01_20190529_VL46-0475_multiplex_NextSeq|NODE_26_length_2882_cov_57.784224_637_4_1|TLMV,57.784224,R04,donor,6.262286107678143e-4,NA,NA,NA,NA,NA,NA,1.641777103909626e-5,NA,NA,NA
R04D01_20190529_VL46-0475_multiplex_NextSeq|NODE_27_length_2875_cov_46.043617_308_2_1|TTV_Clade3,46.043617,R04,donor,5.018123304828181e-4,NA,NA,NA,NA,NA,NA,4.437235415971962e-7,NA,NA,NA
R04D01_20190529_VL46-0475_multiplex_NextSeq|NODE_28_length_2871_cov_5.142756_349_1_1|TTV_Clade3,5.142756,R04,donor,4.561930277116528e-5,NA,NA,NA,NA,NA,NA,0.050831637754750005,NA,NA,NA
R04D01_20190529_VL46-0475_multiplex_NextSeq|NODE_29_length_2865_cov_48.099288_336_6_1|TLMV,48.099288,R04,donor,4.3822178722604225e-4,NA,NA,NA,NA,NA,NA,1.2379886810561774e-4,NA,NA,NA
R04D01_20190529_VL46-0475_multiplex_NextSeq|NODE_3_length_3423_cov_3980.387767_925_1_1|TLMV,3980.387767,R04,donor,0.04054311853553744,NA,NA,NA,NA,NA,NA,NA,8.547342670918693e-5,NA,NA
R04D01_20190529_VL46-0475_multiplex_NextSeq|NODE_32_length_2838_cov_27.464247_489_3_1|TLMV,27.464247,R04,donor,1.9906604845599396e-4,NA,NA,NA,NA,NA,NA,1.9102298465759296e-4,NA,NA,NA
R04D01_20190529_VL46-0475_multiplex_NextSeq|NODE_35_length_2802_cov_4.147070_290_5_1|TLMV,4.14707,R04,donor,3.594248097122113e-5,NA,NA,NA,NA,NA,NA,7.210507550954438e-5,NA,NA,0.0015457047737917709
R04D01_20190529_VL46-0475_multiplex_NextSeq|NODE_38_length_2742_cov_8.182360_384_3_1|TLMV,8.18236,R04,donor,6.359054325677585e-5,NA,NA,NA,NA,NA,NA,9.540056144339718e-6,NA,7.035365818330301e-5,NA
R04D01_20190529_VL46-0475_multiplex_NextSeq|NODE_41_length_2690_cov_37.840987_341_5_1|TLMV,37.840987,R04,donor,3.110407007124906e-4,NA,NA,NA,NA,NA,NA,6.713537184365578e-4,NA,NA,NA
R04D01_20190529_VL46-0475_multiplex_NextSeq|NODE_42_length_2671_cov_64.441514_341_5_1|TLMV,64.441514,R04,donor,5.322251989969283e-4,NA,NA,NA,NA,NA,NA,1.774894166388785e-6,6.625847031719917e-7,NA,3.111830938114921e-5
R04D01_20190529_VL46-0475_multiplex_NextSeq|NODE_44_length_2647_cov_43.317130_247_1_1|TLMV,43.31713,R04,donor,3.594248097122113e-4,NA,NA,NA,NA,NA,NA,9.31819437354112e-5,NA,NA,2.9124792686419337e-4
R04D01_20190529_VL46-0475_multiplex_NextSeq|NODE_45_length_2627_cov_110.890747_249_3_1|TLMV,110.890747,R04,donor,9.137684585375834e-4,NA,NA,NA,NA,NA,NA,1.1004343831610466e-4,NA,NA,NA
R04D01_20190529_VL46-0475_multiplex_NextSeq|NODE_47_length_2609_cov_52.361394_244_1_1|TLMV,52.361394,R04,donor,4.161033373975985e-4,NA,NA,NA,NA,NA,NA,NA,NA,2.75896698758051e-6,8.392219061228677e-4
R04D01_20190529_VL46-0475_multiplex_NextSeq|NODE_5_length_3060_cov_41.358735_432_6_1|TLMV,41.358735,R04,donor,3.594248097122113e-4,NA,NA,NA,NA,NA,NA,6.655853123957944e-4,NA,NA,NA
R04D01_20190529_VL46-0475_multiplex_NextSeq|NODE_50_length_2491_cov_33.119048_263_2_1|TLMV,33.119048,R04,donor,2.7509821974126944e-4,NA,NA,NA,NA,NA,NA,3.838208634815747e-5,NA,3.4487087344756377e-7,NA
R04D01_20190529_VL46-0475_multiplex_NextSeq|NODE_9_length_2980_cov_25562.162051_381_3_1|TTV_Clade5,25562.162051,R04,donor,0.34842226332567483,NA,NA,NA,NA,NA,NA,7.853906686270373e-4,5.963262328547926e-5,0.031088040016057188,0.024048618468619373
R04D01-TTVRCA_S5_20190125_VL46-0348_R04T00-R04D02_iseq|NODE_12_length_2927_cov_4.710306_398_5_1|TLMV,4.710306,R04,donor,0.001375491098706347,NA,NA,NA,NA,NA,NA,2.1454033236224435e-4,NA,NA,NA
R04D01-TTVRCA_S5_20190125_VL46-0348_R04T00-R04D02_iseq|NODE_15_length_2869_cov_19.172353_339_6_1|TLMV,19.172353,R04,donor,0.005099685088570567,NA,NA,NA,NA,NA,NA,4.470514681591752e-4,NA,NA,NA
R04D01-TTVRCA_S5_20190125_VL46-0348_R04T00-R04D02_iseq|NODE_16_length_2806_cov_69.043984_511_1_1|TLMV,69.043984,R04,donor,0.01710032652361559,NA,NA,NA,NA,NA,NA,0.0016515390218247643,NA,NA,NA
R04D01-TTVRCA_S5_20190125_VL46-0348_R04T00-R04D02_iseq|NODE_18_length_2790_cov_11.485923_478_1_1|TLMV,11.485923,R04,donor,0.0031892039846387367,NA,NA,NA,NA,NA,NA,NA,0.00669674359495932,NA,0.00122528343188275
R04D01-TTVRCA_S5_20190125_VL46-0348_R04T00-R04D02_iseq|NODE_6_length_3692_cov_17.261754_748_4_1|TLMV,17.261754,R04,donor,0.005640204706253162,NA,NA,NA,NA,NA,NA,NA,NA,NA,4.779577831510886e-4
R04D01-TTVRCA_S5_20190125_VL46-0348_R04T00-R04D02_iseq|NODE_8_length_3078_cov_110.565002_409_1_1|TTV_Clade4,110.565002,R04,donor,0.0355222304244807,NA,NA,NA,NA,NA,NA,1.996755937187383e-6,NA,NA,NA
R04D01-TTVRCA_S5_20190125_VL46-0348_R04T00-R04D02_iseq|NODE_9_length_3029_cov_85.690316_336_3_1|TTV_Clade6,85.690316,R04,donor,0.023955663567318885,NA,NA,NA,NA,NA,NA,1.5974047497499064e-5,NA,6.897417468951275e-7,4.862235840804564e-7
R04D02_20190410_VL46-0475_multiplex_nextseq|NODE_16_length_2954_cov_219.124181_230_2_1|TLMV,219.124181,R04,donor,NA,0.027490146477660977,NA,NA,NA,NA,NA,9.282696490213344e-4,NA,0.005025458367877899,NA
R04D02_20190410_VL46-0475_multiplex_nextseq|NODE_19_length_2774_cov_3.398308_409_1_1|TLMV,3.398308,R04,donor,NA,4.775875008528348e-4,NA,NA,NA,NA,NA,9.051960248582802e-5,NA,NA,3.690437003170664e-4
R04D02_20190529_VL46-0475_multiplex_NextSeq|NODE_13_length_2982_cov_33.049880_379_1_1|TTV_Clade3,33.04988,R04,donor,NA,0.001459003574033935,NA,NA,NA,NA,NA,0.0013218524304180474,NA,NA,NA
R04D02_20190529_VL46-0475_multiplex_NextSeq|NODE_14_length_2967_cov_14.100618_559_1_1|TLMV,14.100618,R04,donor,NA,6.350339297054177e-4,NA,NA,NA,NA,NA,4.357365178484467e-4,6.625847031719917e-7,NA,1.5802266482614833e-4
R04D02_20190529_VL46-0475_multiplex_NextSeq|NODE_18_length_2916_cov_143.557148_574_1_1|TLMV,143.557148,R04,donor,NA,0.005153746437774547,NA,NA,NA,NA,1.4123828310743054e-5,5.546544269964952e-6,NA,2.8969153369595358e-5,8.071311495735577e-5
R04D02_20190529_VL46-0475_multiplex_NextSeq|NODE_2_length_3790_cov_1232.870415_868_4_1|TTV_Clade3,1232.870415,R04,donor,NA,0.05813446974666869,NA,NA,NA,NA,NA,0.07949728785078287,NA,1.075997125156399e-4,2.1393837699540082e-5
R04D02_20190529_VL46-0475_multiplex_NextSeq|NODE_22_length_2835_cov_5.793165_418_4_1|TLMV,5.793165,R04,donor,NA,3.1489285770516584e-4,NA,NA,NA,NA,NA,3.8027107514879713e-4,1.3251694063439835e-6,NA,NA
R04D02_20190529_VL46-0475_multiplex_NextSeq|NODE_31_length_2483_cov_12.184514_210_6_1|TTMV,12.184514,R04,donor,NA,5.98296429639815e-4,NA,NA,NA,NA,NA,6.995301633279798e-4,0.12173204942086784,0.08184441081570239,0.007161587169921042
R04D02_20190529_VL46-0475_multiplex_NextSeq|NODE_32_length_2385_cov_2.428755_26_2_1|TTV_Clade6,2.428755,R04,donor,NA,1.3120535737715244e-4,NA,NA,NA,NA,NA,0.002920810212563544,NA,NA,9.724471681609128e-7
R04D02-TTVRCA_S6_20190125_VL46-0348_R04T00-R04D02_iseq|NODE_10_length_3039_cov_64.641756_334_4_1|TTV_Clade5,64.641756,R04,donor,NA,0.08017172157173522,NA,NA,NA,NA,NA,NA,NA,3.241786210407099e-5,2.431117920402282e-6
R04D02-TTVRCA_S6_20190125_VL46-0348_R04T00-R04D02_iseq|NODE_11_length_3006_cov_5.445273_245_5_1|TTV_Clade3,5.445273,R04,donor,NA,0.006114169653775303,NA,NA,NA,NA,NA,NA,NA,1.1380738823769604e-5,6.320906593045933e-6
R04D02-TTVRCA_S6_20190125_VL46-0348_R04T00-R04D02_iseq|NODE_15_length_2931_cov_30.754520_337_4_1|TTV_Clade3,30.75452,R04,donor,NA,0.038007567925013516,NA,NA,NA,NA,NA,1.3600126549954063e-4,1.3251694063439835e-6,NA,5.445704141701112e-4
R04D02-TTVRCA_S6_20190125_VL46-0348_R04T00-R04D02_iseq|NODE_16_length_2927_cov_20.155989_356_2_1|TTV_Clade5,20.155989,R04,donor,NA,0.03687920185157,NA,NA,NA,NA,NA,1.0893412946211167e-4,NA,0.003280066877359779,0.014236140318291682
R04D02-TTVRCA_S6_20190125_VL46-0348_R04T00-R04D02_iseq|NODE_2_length_3518_cov_41.939648_371_2_1|TTV_Clade3,41.939648,R04,donor,NA,0.05251363223663148,NA,NA,NA,NA,NA,NA,0.0758507090650201,0.023786433883425367,0.012276173050863363
R04D02-TTVRCA_S6_20190125_VL46-0348_R04T00-R04D02_iseq|NODE_3_length_3406_cov_22.421665_319_1_1|TTV_Clade3,22.421665,R04,donor,NA,0.024168026828871477,NA,NA,NA,NA,NA,0.0156042039255778,NA,1.3449964064454987e-5,9.238248097528672e-6
R04D02-TTVRCA_S6_20190125_VL46-0348_R04T00-R04D02_iseq|NODE_4_length_3313_cov_8.451811_929_2_1|TTMV,8.451811,R04,donor,NA,0.008580830372465768,NA,NA,NA,NA,NA,0.0010039245128636565,NA,0.01025749438895089,0.04502527633301842
R04D02-TTVRCA_S6_20190125_VL46-0348_R04T00-R04D02_iseq|NODE_5_length_3297_cov_14.394201_472_4_1|TTV_Clade1,14.394201,R04,donor,NA,0.017518539316997393,NA,NA,NA,NA,NA,0.0013737680847849194,NA,NA,0.00844862099698201
R04D02-TTVRCA_S6_20190125_VL46-0348_R04T00-R04D02_iseq|NODE_6_length_3239_cov_58.611809_684_6_1|TTV_Clade3,58.611809,R04,donor,NA,0.06407020011441107,NA,NA,NA,NA,NA,0.008219756746317261,NA,NA,NA
R04D02-TTVRCA_S6_20190125_VL46-0348_R04T00-R04D02_iseq|NODE_7_length_3239_cov_51.379397_324_6_1|TTV_Clade3,51.379397,R04,donor,NA,0.0641331786859521,NA,NA,NA,NA,NA,0.06218674504599305,NA,7.207801255054083e-5,2.5769849956264188e-5
R04D02-TTVRCA_S6_20190125_VL46-0348_R04T00-R04D02_iseq|NODE_9_length_3081_cov_15.848645_335_5_1|TTV_Clade4,15.848645,R04,donor,NA,0.022058244682246864,NA,NA,NA,NA,NA,1.308984447711729e-4,NA,NA,NA
R05D01_20190408_VL46-0475_multiplex_nextseq|NODE_1_length_3487_cov_526.873252_884_5_1|TTV_Clade5,526.873252,R05,donor,0.3866279069767442,NA,NA,NA,NA,NA,NA,NA,1.50519238691753e-7,4.246199757372146e-7,2.141991299417602e-5
R05D01_20190408_VL46-0475_multiplex_nextseq|NODE_2_length_3062_cov_385.677752_304_4_1|TTV_Clade6,385.677752,R05,donor,0.28288372093023256,NA,NA,NA,NA,NA,NA,NA,0.011597055783483494,NA,NA
R05D03_20190408_VL46-0475_multiplex_nextseq|NODE_3_length_3017_cov_12725.115125_578_2_1|TLMV,12725.115125,R05,donor,NA,NA,0.6572926720063679,NA,NA,NA,NA,NA,NA,4.776974727043664e-4,NA
R05D04_20190408_VL46-0475_multiplex_nextseq|NODE_2_length_3552_cov_240.207035_878_5_1|TTV_Clade5,240.207035,R05,donor,NA,NA,NA,0.2976916544429862,NA,NA,7.16358790407113e-4,NA,1.806230864301036e-6,0.002434027855919648,0.005460587732610942
R05D04_20190408_VL46-0475_multiplex_nextseq|NODE_3_length_3485_cov_46.852770_373_1_1|TTV_Clade3,46.85277,R05,donor,NA,NA,NA,0.05489075889755269,NA,NA,NA,NA,7.661429249410228e-5,1.868327893243744e-5,1.6763410169355145e-6
R05D05_20190408_VL46-0475_multiplex_nextseq|NODE_1_length_3155_cov_9115.565484_464_5_1|TTV_Clade7,9115.565484,R05,donor,NA,NA,NA,NA,0.5057331775753933,NA,NA,0.17574661100323147,1.354673148225777e-6,NA,NA
R05D05_20190408_VL46-0475_multiplex_nextseq|NODE_2_length_3150_cov_3042.210016_463_4_1|TTV_Clade5,3042.210016,R05,donor,NA,NA,NA,NA,0.1722278300121355,NA,NA,NA,0.04297730666594016,NA,NA
R05D06_20190408_VL46-0475_multiplex_nextseq|NODE_10_length_2964_cov_23.682709_343_4_1|TLMV,23.682709,R05,donor,NA,NA,NA,NA,NA,1.8283647379184392e-4,2.304463020611117e-6,4.863795307911405e-5,1.8212827881702114e-4,NA,2.717535048565462e-4
R05D06_20190408_VL46-0475_multiplex_nextseq|NODE_11_length_2955_cov_30.166552_340_4_1|TLMV,30.166552,R05,donor,NA,NA,NA,NA,NA,2.7476733631521963e-4,NA,NA,1.0626658251637762e-4,NA,NA
R05D06_20190408_VL46-0475_multiplex_nextseq|NODE_13_length_2954_cov_26.834771_584_2_1|TLMV,26.834771,R05,donor,NA,NA,NA,NA,NA,2.4674380201441365e-4,NA,NA,NA,2.123099878686073e-7,7.485793941182037e-4
R05D06_20190408_VL46-0475_multiplex_nextseq|NODE_14_length_2931_cov_125.411683_368_5_1|TLMV,125.411683,R05,donor,NA,NA,NA,NA,NA,0.0010642108025940224,NA,NA,4.5908367800984664e-5,NA,NA
R05D06_20190408_VL46-0475_multiplex_nextseq|NODE_15_length_2928_cov_93.063348_267_3_1|TLMV,93.063348,R05,donor,NA,NA,NA,NA,NA,8.24302008945659e-4,NA,NA,0.0017321753988646935,1.0615499393430365e-7,1.8626011299283494e-7
R05D06_20190408_VL46-0475_multiplex_nextseq|NODE_16_length_2915_cov_38.226224_329_5_1|TLMV,38.226224,R05,donor,NA,NA,NA,NA,NA,3.2295414529587383e-4,NA,NA,1.3787562264164577e-4,0.0011473231744419537,0.0038758866912679026
R05D06_20190408_VL46-0475_multiplex_nextseq|NODE_17_length_2907_cov_82.881837_224_2_1|TLMV,82.881837,R05,donor,NA,NA,NA,NA,NA,7.40231406043241e-4,NA,NA,9.509805500544955e-4,NA,7.450404519713397e-7
R05D06_20190408_VL46-0475_multiplex_nextseq|NODE_18_length_2881_cov_532.194621_250_4_1|TTV_Clade9,532.194621,R05,donor,NA,NA,NA,NA,NA,0.005146419549217528,NA,NA,0.009228936601146143,NA,0.023464303994385375
R05D06_20190408_VL46-0475_multiplex_nextseq|NODE_2_length_3881_cov_12195.265029_672_3_1|TTV_Clade5,12195.265029,R05,donor,NA,NA,NA,NA,NA,0.14027043394101113,NA,NA,0.006525008997287493,NA,1.4900809039426795e-6
R05D06_20190408_VL46-0475_multiplex_nextseq|NODE_20_length_2873_cov_5009.989709_598_4_1|TTMV,5009.989709,R05,donor,NA,NA,NA,NA,NA,0.042295031769118883,NA,NA,NA,5.307749696715182e-7,NA
R05D06_20190408_VL46-0475_multiplex_nextseq|NODE_21_length_2868_cov_127.000000_314_5_1|TLMV,127,R05,donor,NA,NA,NA,NA,NA,0.001171520433941011,NA,NA,5.478900288379809e-5,0.0010647345891610655,NA
R05D06_20190408_VL46-0475_multiplex_nextseq|NODE_23_length_2854_cov_192.041801_334_4_1|TLMV,192.041801,R05,donor,NA,NA,NA,NA,NA,0.0016643245371332335,NA,NA,6.908833055951463e-5,7.057183996752506e-4,NA
R05D06_20190408_VL46-0475_multiplex_nextseq|NODE_24_length_2846_cov_127.849158_206_2_1|TLMV,127.849158,R05,donor,NA,NA,NA,NA,NA,0.001182798197744994,NA,NA,4.816615638136096e-6,NA,NA
R05D06_20190408_VL46-0475_multiplex_nextseq|NODE_25_length_2842_cov_2286.161105_262_4_1|TTV_Clade3,2286.161105,R05,donor,NA,NA,NA,NA,NA,0.022139617348891635,NA,NA,1.50519238691753e-7,4.246199757372146e-7,1.0002168067715236e-4
R05D06_20190408_VL46-0475_multiplex_nextseq|NODE_26_length_2822_cov_8932.509577_562_1_1|TTMV,8932.509577,R05,donor,NA,NA,NA,NA,NA,0.07813405638608502,7.242598064777797e-6,4.4216320981012775e-6,0.0025708685968551413,0.036535045797387485,0.08080205839776071
R05D06_20190408_VL46-0475_multiplex_nextseq|NODE_27_length_2817_cov_2873.489138_231_6_1|TTMV,2873.489138,R05,donor,NA,NA,NA,NA,NA,0.018468876105904353,NA,NA,NA,6.369299636058218e-7,NA
R05D06_20190408_VL46-0475_multiplex_nextseq|NODE_28_length_2811_cov_26.966255_534_3_1|TLMV,26.966255,R05,donor,NA,NA,NA,NA,NA,2.310232827724981e-4,NA,NA,2.0651239548508511e-4,6.705810966829961e-4,NA
R05D06_20190408_VL46-0475_multiplex_nextseq|NODE_29_length_2721_cov_35.409227_423_3_1|TLMV,35.409227,R05,donor,NA,NA,NA,NA,NA,3.3901641495609193e-4,NA,NA,0.011244238687990024,0.00648798091927677,NA
R05D06_20190408_VL46-0475_multiplex_nextseq|NODE_30_length_2696_cov_20.438092_422_5_1|TLMV,20.438092,R05,donor,NA,NA,NA,NA,NA,1.794189696088188e-4,NA,NA,9.874062058178997e-5,0.0011129289564072394,NA
R05D06_20190408_VL46-0475_multiplex_nextseq|NODE_31_length_2641_cov_17.500000_353_5_1|TLMV,17.5,R05,donor,NA,NA,NA,NA,NA,1.534459378178279e-4,NA,NA,1.5352962346558806e-4,NA,1.6390889943369476e-5
R05D06_20190408_VL46-0475_multiplex_nextseq|NODE_32_length_2616_cov_56.931277_431_5_1|TLMV,56.931277,R05,donor,NA,NA,NA,NA,NA,4.6785632265613895e-4,NA,NA,6.779386510676555e-4,3.0466483259145147e-5,NA
R05D06_20190408_VL46-0475_multiplex_nextseq|NODE_33_length_2571_cov_5478.222576_205_4_1|TTMV,5478.222576,R05,donor,NA,NA,NA,NA,NA,0.04359675911243315,NA,NA,1.204153909534024e-6,1.486169915080251e-6,9.506716167154295e-4
R05D06_20190408_VL46-0475_multiplex_nextseq|NODE_34_length_2553_cov_1246.543635_282_3_1|TTMV,1246.543635,R05,donor,NA,NA,NA,NA,NA,0.011436335998075262,NA,NA,0.07719243688991731,NA,NA
R05D06_20190408_VL46-0475_multiplex_nextseq|NODE_35_length_2537_cov_517.410153_156_3_1|TLMV,517.410153,R05,donor,NA,NA,NA,NA,NA,0.004261627716232325,NA,NA,NA,2.016944884751769e-6,NA
R05D06_20190408_VL46-0475_multiplex_nextseq|NODE_36_length_2521_cov_20.208029_313_4_1|TLMV,20.208029,R05,donor,NA,NA,NA,NA,NA,1.6779945538653338e-4,NA,NA,NA,4.966992166186068e-4,0.002135099675236867
R05D06_20190408_VL46-0475_multiplex_nextseq|NODE_37_length_2502_cov_78.568451_221_2_1|TTMV,78.568451,R05,donor,NA,NA,NA,NA,NA,6.889688432978642e-4,NA,NA,1.277908336492983e-4,NA,NA
R05D06_20190408_VL46-0475_multiplex_nextseq|NODE_38_length_2499_cov_6523.196399_257_2_1|TTMV,6523.196399,R05,donor,NA,NA,NA,NA,NA,0.04975134239564309,NA,NA,0.002049469954026909,0.01131442387349382,1.8626011299283494e-7
R05D06_20190408_VL46-0475_multiplex_nextseq|NODE_39_length_2498_cov_4538.726156_205_4_1|TTMV,4538.726156,R05,donor,NA,NA,NA,NA,NA,0.03815028269594602,NA,NA,0.03774375273662791,0.04279606733963271,1.1175606779570097e-6
R05D06_20190408_VL46-0475_multiplex_nextseq|NODE_4_length_3166_cov_361.162327_365_2_1|TTV_Clade5,361.162327,R05,donor,NA,NA,NA,NA,NA,0.0038170104220207565,NA,NA,0.015537649452433588,0.07779409497984541,0.005330391913628951
R05D06_20190408_VL46-0475_multiplex_nextseq|NODE_5_length_3130_cov_21.953171_555_3_1|TTV_Clade3,21.953171,R05,donor,NA,NA,NA,NA,NA,2.2555527607965792e-4,NA,NA,7.963972919180651e-4,0.00575020371143336,NA
R05D06_20190408_VL46-0475_multiplex_nextseq|NODE_6_length_3117_cov_136.780209_645_6_1|TLMV,136.780209,R05,donor,NA,NA,NA,NA,NA,0.0013372693868177294,NA,NA,0.0012958201258973015,2.506319406788909e-4,NA
R05D06_20190408_VL46-0475_multiplex_nextseq|NODE_7_length_3053_cov_833.214810_395_5_1|TTV_Clade5,833.21481000000006,R05,donor,NA,NA,NA,NA,NA,0.008478144377248718,NA,0.039545235138710284,0.0034021863521496933,0.014147488351612515,0.017690054231494497
R05D06_20190408_VL46-0475_multiplex_nextseq|NODE_8_length_3011_cov_183.677943_571_1_1|TLMV,183.677943,R05,donor,NA,NA,NA,NA,NA,0.00164211075994357,NA,NA,NA,3.2536505640864066e-4,1.0467818350197324e-4
R05D06_20190408_VL46-0475_multiplex_nextseq|NODE_9_length_2968_cov_102.408170_355_4_1|TTV_Clade5,102.40817,R05,donor,NA,NA,NA,NA,NA,0.0010095307356656205,NA,NA,0.0022531224839768505,NA,NA
R05D06_20190529_VL46-0475_multiplex_NextSeq|NODE_25_length_2834_cov_6.994602_374_2_1|TLMV,6.994602,R05,donor,NA,NA,NA,NA,NA,2.8023534300805984e-5,NA,NA,0.00930073427800211,0.0011244998507460786,NA
R05D06_20190529_VL46-0475_multiplex_NextSeq|NODE_35_length_2510_cov_2232.182077_262_1_1|TTMV,2232.182077,R05,donor,NA,NA,NA,NA,NA,0.010518394374514715,NA,NA,0.0023050516213255056,1.6984799029488584e-6,1.8626011299283495e-6
R06D01_20190410_VL46-0475_multiplex_nextseq|NODE_1_length_3523_cov_4.192618_516_3_1|TTV_Clade3,4.192618,R06,donor,0.007724535218643624,NA,NA,NA,NA,NA,1.6739203213927016e-5,0.021663219533159632,NA,NA,NA
R06D02_20190410_VL46-0475_multiplex_nextseq|NODE_3_length_3005_cov_431.558983_337_4_1|TTV_Clade7,431.558983,R06,donor,NA,0.15432970194177342,NA,NA,NA,NA,NA,NA,NA,NA,0.5663576920313286
R07D01_20190410_VL46-0475_multiplex_nextseq|NODE_2_length_3033_cov_129.020148_376_1_1|TTV_Clade5,129.020148,R07,donor,0.0012595510177068271,NA,NA,NA,NA,NA,NA,NA,0.0018518276514251498,NA,NA
R07D01_20190410_VL46-0475_multiplex_nextseq|NODE_3_length_2919_cov_90.749302_877_4_1|TLMV,90.749302,R07,donor,7.560771170938918e-4,NA,NA,NA,NA,NA,NA,0.043420645731796145,4.841185359780264e-5,NA,NA
R07D01_20190410_VL46-0475_multiplex_nextseq|NODE_5_length_2890_cov_4647.058554_536_2_1|TLMV,4647.058554,R07,donor,0.038615027500485975,NA,NA,NA,NA,NA,NA,NA,1.0395183287871732e-4,NA,NA
R07D01_20190410_VL46-0475_multiplex_nextseq|NODE_6_length_2876_cov_6.341014_507_3_1|TLMV,6.341014,R07,donor,5.266898340892372e-5,NA,NA,NA,NA,NA,NA,NA,NA,0.002271942448291434,NA
R07D01_20190410_VL46-0475_multiplex_nextseq|NODE_8_length_2863_cov_184.399217_206_2_1|TLMV,184.399217,R07,donor,0.001521163402402468,NA,NA,NA,NA,NA,NA,NA,6.058906830645238e-5,NA,NA
R07D03-TTVRCA_S7_20190205_VL46-0348_R07D02-R07T00_iseq|NODE_1_length_3545_cov_116.908309_359_2_1|TTV_Clade5,116.908309,R07,donor,NA,NA,0.17169411805543502,NA,NA,NA,NA,0.002485451483220327,3.088854462681886e-5,NA,2.1920426659184493e-6
R07D03-TTVRCA_S7_20190205_VL46-0348_R07D02-R07T00_iseq|NODE_2_length_3261_cov_163.158453_491_5_1|TTMV,163.158453,R07,donor,NA,NA,0.22505510526407138,NA,NA,NA,NA,NA,0.001416714979518519,NA,NA
R07D03-TTVRCA_S7_20190205_VL46-0348_R07D02-R07T00_iseq|NODE_4_length_3001_cov_27.235234_300_6_1|TTV_Clade7,27.235234,R07,donor,NA,NA,0.03729801968169117,NA,NA,NA,NA,0.04883752431142132,0.006458081868899512,NA,5.480106664796124e-6
R07D03-TTVRCA_S7_20190205_VL46-0348_R07D02-R07T00_iseq|NODE_5_length_2934_cov_10.276485_407_2_1|TTV_Clade6,10.276485,R07,donor,NA,NA,0.015611711821163892,NA,NA,NA,NA,NA,1.1880209471853407e-6,NA,NA
R10D02_20190408_VL46-0475_multiplex_nextseq|NODE_1_length_3714_cov_25.207707_842_5_1|TTV_Clade7,25.207707,R10,donor,NA,0.01245802868170835,NA,NA,NA,NA,NA,NA,0.5670366226661505,NA,NA
R11D01_20190408_VL46-0475_multiplex_nextseq|NODE_2_length_2887_cov_4.956215_502_1_1|TLMV,4.956215,R11,donor,0.003551696921862668,NA,NA,NA,NA,NA,NA,NA,NA,NA,2.46954967357804e-4
R11D03_20190408_VL46-0475_multiplex_nextseq|NODE_1_length_3719_cov_239.174127_878_5_1|TTV_Clade5,239.174127,R11,donor,NA,NA,0.12478356039073475,NA,NA,NA,NA,NA,0.3192358895125009,0.175584026140749,0.14371798204325809
R11D04_20190408_VL46-0475_multiplex_nextseq|NODE_1_length_2674_cov_2.888507_180_6_1|TTMV,2.888507,R11,donor,NA,NA,NA,0.003533715806102935,NA,NA,NA,NA,2.726901372885765e-7,NA,NA
R15D02_20190410_VL46-0475_multiplex_nextseq|NODE_2_length_3040_cov_6.736683_586_1_1|TLMV,6.736683,R15,donor,NA,0.0012594458438287153,NA,NA,NA,NA,NA,1.6369206529502815e-4,NA,NA,NA
R15D02_20190410_VL46-0475_multiplex_nextseq|NODE_4_length_2941_cov_163.365211_606_6_1|TLMV,163.365211,R15,donor,NA,0.030249461321355954,NA,NA,NA,NA,NA,0.00504711042858869,NA,NA,NA
R15D02_20190410_VL46-0475_multiplex_nextseq|NODE_5_length_2937_cov_18.009715_579_6_1|TLMV,18.009715,R15,donor,NA,0.0032548329337501137,NA,NA,NA,NA,NA,5.1361618681735696e-5,NA,NA,NA
R15D02_20190410_VL46-0475_multiplex_nextseq|NODE_6_length_2929_cov_8.782533_666_6_1|TLMV,8.782533,R15,donor,NA,0.001684319140542017,NA,NA,NA,NA,NA,2.0322942643852254e-5,NA,NA,NA
R15D02_20190410_VL46-0475_multiplex_nextseq|NODE_8_length_2560_cov_1461.617166_212_5_1|TTMV,1461.617166,R15,donor,NA,0.259096840763558,NA,NA,NA,NA,NA,9.976717297891107e-5,NA,NA,NA
R15D02_20190410_VL46-0475_multiplex_nextseq|NODE_9_length_2526_cov_1152.899636_269_2_1|TTMV,1152.899636,R15,donor,NA,0.20139752966526053,NA,NA,NA,NA,NA,0.007548310405974797,NA,NA,NA
R15D03_20190410_VL46-0475_multiplex_nextseq|NODE_10_length_2978_cov_10136.392063_335_5_1|TTV_Clade5,10136.392063,R15,donor,NA,NA,0.1301149566143651,NA,NA,NA,NA,0.0728433385643356,NA,NA,NA
R15D03_20190410_VL46-0475_multiplex_nextseq|NODE_12_length_2941_cov_10.648302_357_6_1|TLMV,10.648302,R15,donor,NA,NA,1.2018834220213323e-4,NA,NA,NA,NA,2.8599922920621173e-4,NA,NA,NA
R15D03_20190410_VL46-0475_multiplex_nextseq|NODE_17_length_2831_cov_4.933718_350_5_1|TLMV,4.933718,R15,donor,NA,NA,5.65592198598274e-5,NA,NA,NA,NA,4.0350278849248477e-4,NA,NA,NA
R15D03_20190410_VL46-0475_multiplex_nextseq|NODE_18_length_2795_cov_41.756204_475_1_1|TLMV,41.756204,R15,donor,NA,NA,4.5954366136109764e-4,NA,NA,NA,NA,7.242357742172803e-5,NA,NA,NA
R15D03_20190410_VL46-0475_multiplex_nextseq|NODE_20_length_2598_cov_3619.073535_285_6_1|TTMV,3619.073535,R15,donor,NA,NA,0.04401061428026036,NA,NA,NA,NA,0.004995748809906954,NA,NA,NA
R15D03_20190410_VL46-0475_multiplex_nextseq|NODE_22_length_2526_cov_995.403480_280_4_1|TTMV,995.40348,R15,donor,NA,NA,0.011152535502693633,NA,NA,NA,NA,0.03270294028639091,NA,NA,NA
R15D03_20190410_VL46-0475_multiplex_nextseq|NODE_23_length_2517_cov_125.357027_289_1_1|TTMV,125.357027,R15,donor,NA,NA,0.0013819302719084495,NA,NA,NA,NA,0.002108412922287654,NA,NA,NA
R15D03_20190410_VL46-0475_multiplex_nextseq|NODE_3_length_3531_cov_1152.897296_894_6_1|TTV_Clade9,1152.897296,R15,donor,NA,NA,0.015361484113929121,NA,NA,NA,NA,0.0069644876900241326,NA,NA,NA
R15D03_20190410_VL46-0475_multiplex_nextseq|NODE_5_length_3224_cov_18.896182_685_4_1|TLMV,18.896182,R15,donor,NA,NA,2.1209707447435275e-4,NA,NA,NA,NA,2.9191135797533238e-5,NA,NA,NA
R15D03_20190410_VL46-0475_multiplex_nextseq|NODE_6_length_3207_cov_23315.272208_560_2_1|TTV_Clade5,23315.272208,R15,donor,NA,NA,0.3271097767324796,NA,NA,NA,NA,0.016290501315263897,NA,NA,NA
R15D03_20190410_VL46-0475_multiplex_nextseq|NODE_7_length_3195_cov_968.063694_604_1_1|TTV_Clade3,968.063694,R15,donor,NA,NA,0.012556618135713848,NA,NA,NA,NA,1.5519338018941723e-5,NA,NA,NA
R15D03_20190410_VL46-0475_multiplex_nextseq|NODE_8_length_3103_cov_2877.625656_344_5_1|TTV_Clade7,2877.625656,R15,donor,NA,NA,0.03535186904655295,NA,NA,NA,NA,1.8475402403502049e-6,NA,NA,6.105453390968814e-5
R15D03_20190410_VL46-0475_multiplex_nextseq|NODE_9_length_3097_cov_55.299803_371_2_1|TTV_Clade6,55.299803,R15,donor,NA,NA,7.437537411567303e-4,NA,NA,NA,NA,7.57491498543584e-5,NA,NA,NA
R15D04_20190410_VL46-0475_multiplex_nextseq|NODE_2_length_3843_cov_1876.481785_528_3_1|TTV_Clade5,1876.481785,R15,donor,NA,NA,NA,0.2155075715086932,NA,NA,NA,1.478032192280164e-6,NA,NA,NA
R15D04_20190410_VL46-0475_multiplex_nextseq|NODE_3_length_3593_cov_156.131148_867_6_1|TTV_Clade5,156.131148,R15,donor,NA,NA,NA,0.018025176045366735,NA,NA,NA,1.4263010655503583e-4,NA,NA,NA
R15D04_20190410_VL46-0475_multiplex_nextseq|NODE_5_length_3073_cov_70.597084_446_2_1|TTV_Clade8,70.597084,R15,donor,NA,NA,NA,0.007485822895245217,NA,NA,NA,0.006965965722216413,NA,0.32577525958641157,NA
R15D04_20190410_VL46-0475_multiplex_nextseq|NODE_6_length_3054_cov_119.960654_396_3_1|TTV_Clade6,119.960654,R15,donor,NA,NA,NA,0.013121611516171246,NA,NA,NA,1.108524144210123e-5,NA,NA,NA
R15D04_20190410_VL46-0475_multiplex_nextseq|NODE_7_length_2999_cov_97.106658_278_2_1|TLMV,97.106658,R15,donor,NA,NA,NA,0.009293014270580172,NA,NA,NA,3.887224665696831e-4,NA,NA,NA
R15D04_20190410_VL46-0475_multiplex_nextseq|NODE_9_length_2898_cov_34.285262_628_4_1|TLMV,34.285262,R15,donor,NA,NA,NA,0.0032287966598118028,NA,NA,NA,4.803604624910533e-6,NA,NA,NA
R15D05_20190529_VL46-0475_multiplex_NextSeq|NODE_2_length_3814_cov_12392.452248_612_3_1|TTV_Clade8,12392.452248,R15,donor,NA,NA,NA,NA,0.520898822326169,NA,7.171131891457748e-5,9.718061664242078e-4,NA,NA,NA
